ifam,ID,zygosity,zygoAcc3,sex
1000,1,3,2,1
1000,4,3,2,2
1001,1,3,2,2
1001,4,3,2,1
1002,1,3,2,2
1002,4,3,2,1
1003,1,3,2,2
1003,4,3,2,1
1004,1,2,1,1
1004,4,2,1,1
1005,1,2,1,1
1005,4,2,1,1
1006,1,2,7,1
1006,4,2,7,1
1007,1,1,3,2
1007,4,1,3,2
1008,1,3,2,1
1008,4,3,2,2
1009,1,2,1,1
1009,4,2,1,1
1010,1,2,3,1
1010,4,2,3,1
1011,1,2,1,1
1011,4,2,1,1
1012,1,3,2,2
1012,4,3,2,1
1013,1,2,1,1
1013,4,2,1,1
1014,1,2,1,1
1014,4,2,1,1
1015,1,1,1,1
1015,4,1,1,1
1016,1,2,1,2
1016,4,2,1,2
1017,1,3,2,2
1017,4,3,2,1
1018,1,1,3,2
1018,4,1,3,2
1019,1,3,2,2
1019,4,3,2,1
1020,1,2,1,2
1020,4,2,1,2
1021,1,1,1,1
1021,4,1,1,1
1022,1,2,1,2
1022,4,2,1,2
1023,1,3,2,1
1023,4,3,2,2
1024,1,3,2,2
1024,4,3,2,1
1025,1,1,1,1
1025,4,1,1,1
1026,1,2,1,1
1026,4,2,1,1
1027,1,2,3,2
1027,4,2,3,2
1028,1,3,2,2
1028,4,3,2,1
1029,1,3,2,2
1029,4,3,2,1
1030,1,3,2,1
1030,4,3,2,2
1031,1,2,1,1
1031,4,2,1,1
1032,1,2,1,2
1032,4,2,1,2
1033,1,1,1,1
1033,4,1,1,1
1034,1,1,1,2
1034,4,1,1,2
1035,1,2,1,1
1035,4,2,1,1
1036,1,1,1,1
1036,4,1,1,1
1037,1,2,3,2
1037,4,2,3,2
1038,1,3,2,1
1038,4,3,2,2
1039,1,1,1,1
1039,4,1,1,1
1040,1,2,1,1
1040,4,2,1,1
1041,1,2,1,1
1041,4,2,1,1
1042,1,1,1,1
1042,4,1,1,1
1043,1,1,1,2
1043,4,1,1,2
1044,1,1,1,2
1044,4,1,1,2
1046,1,2,1,1
1046,4,2,1,1
1047,1,3,2,2
1047,4,3,2,1
1048,1,2,1,2
1048,4,2,1,2
1049,1,3,2,1
1049,4,3,2,2
1050,1,1,1,2
1050,4,1,1,2
1051,1,2,1,2
1051,4,2,1,2
1052,1,2,3,2
1052,4,2,3,2
1053,1,1,1,1
1053,4,1,1,1
1054,1,3,2,1
1054,4,3,2,2
1055,1,2,1,2
1055,4,2,1,2
1056,1,1,1,1
1056,4,1,1,1
1057,1,2,3,1
1057,4,2,3,1
1058,1,1,1,2
1058,4,1,1,2
1059,1,1,1,2
1059,4,1,1,2
1060,1,2,1,1
1060,4,2,1,1
1061,1,1,1,2
1061,4,1,1,2
1062,1,1,1,1
1062,4,1,1,1
1063,1,3,2,2
1063,4,3,2,1
1064,1,2,1,2
1064,4,2,1,2
1065,1,1,1,2
1065,4,1,1,2
1066,1,1,1,2
1066,4,1,1,2
1067,1,1,1,1
1067,4,1,1,1
1068,1,1,1,2
1068,4,1,1,2
1069,1,1,1,1
1069,4,1,1,1
1070,1,3,2,2
1070,4,3,2,1
1071,1,2,1,1
1071,4,2,1,1
1072,1,2,1,1
1072,4,2,1,1
1073,1,3,2,1
1073,4,3,2,2
1074,1,2,1,2
1074,4,2,1,2
1075,1,2,1,1
1075,4,2,1,1
1076,1,3,2,1
1076,4,3,2,2
1077,1,2,1,1
1077,4,2,1,1
1078,1,2,1,2
1078,4,2,1,2
1079,1,3,2,1
1079,4,3,2,2
1080,1,3,2,1
1080,4,3,2,2
1081,1,3,2,2
1081,4,3,2,1
1082,1,3,2,1
1082,4,3,2,2
1083,1,3,2,2
1083,4,3,2,1
1084,1,3,2,1
1084,4,3,2,2
1085,1,1,3,1
1085,4,1,3,1
1086,1,1,1,2
1086,4,1,1,2
1087,1,2,1,2
1087,4,2,1,2
1088,1,2,1,1
1088,4,2,1,1
1089,1,2,1,1
1089,4,2,1,1
1090,1,3,2,2
1090,4,3,2,1
1091,1,3,2,1
1091,4,3,2,2
1092,1,2,1,1
1092,4,2,1,1
1093,1,3,2,1
1093,4,3,2,2
1094,1,3,2,1
1094,4,3,2,2
1095,1,1,1,2
1095,4,1,1,2
1096,1,1,1,1
1096,4,1,1,1
1097,1,3,2,2
1097,4,3,2,1
1098,1,2,1,2
1098,4,2,1,2
1099,1,3,2,1
1099,4,3,2,2
1100,1,3,2,1
1100,4,3,2,2
1101,1,1,1,2
1101,4,1,1,2
1102,1,3,2,1
1102,4,3,2,2
1103,1,3,2,1
1103,4,3,2,2
1104,1,2,1,1
1104,4,2,1,1
1105,1,1,1,2
1105,4,1,1,2
1106,1,2,1,2
1106,4,2,1,2
1107,1,1,1,1
1107,4,1,1,1
1108,1,3,2,1
1108,4,3,2,2
1109,1,1,1,2
1109,4,1,1,2
1110,1,1,1,2
1110,4,1,1,2
1111,1,2,1,1
1111,4,2,1,1
1112,1,1,1,1
1112,4,1,1,1
1113,1,3,2,2
1113,4,3,2,1
1114,1,3,2,1
1114,4,3,2,2
1115,1,2,1,2
1115,4,2,1,2
1116,1,2,1,1
1116,4,2,1,1
1117,1,2,1,1
1117,4,2,1,1
1118,1,2,3,1
1118,4,2,3,1
1119,1,2,1,2
1119,4,2,1,2
1120,1,2,1,2
1120,4,2,1,2
1121,1,3,2,2
1121,4,3,2,1
1122,1,3,2,1
1122,4,3,2,2
1123,1,2,1,2
1123,4,2,1,2
1124,1,2,1,2
1124,4,2,1,2
1125,1,2,1,2
1125,4,2,1,2
1126,1,2,1,1
1126,4,2,1,1
1127,1,2,1,2
1127,4,2,1,2
1128,1,2,4,2
1128,4,2,4,2
1129,1,2,1,2
1129,4,2,1,2
1130,1,3,2,1
1130,4,3,2,2
1131,1,2,1,1
1131,4,2,1,1
1132,1,3,2,1
1132,4,3,2,2
1133,1,1,1,1
1133,4,1,1,1
1134,1,1,1,1
1134,4,1,1,1
1135,1,3,2,1
1135,4,3,2,2
1136,1,2,1,2
1136,4,2,1,2
1137,1,1,1,2
1137,4,1,1,2
1138,1,2,1,2
1138,4,2,1,2
1139,1,3,2,1
1139,4,3,2,2
1140,1,1,1,2
1140,4,1,1,2
1141,1,1,1,1
1141,4,1,1,1
1142,1,1,1,2
1142,4,1,1,2
1143,1,3,2,1
1143,4,3,2,2
1144,1,3,2,2
1144,4,3,2,1
1145,1,1,3,1
1145,4,1,3,1
1146,1,3,2,1
1146,4,3,2,2
1147,1,3,2,1
1147,4,3,2,2
1148,1,2,1,1
1148,4,2,1,1
1149,1,2,1,1
1149,4,2,1,1
1150,1,2,3,2
1150,4,2,3,2
1151,1,2,1,1
1151,4,2,1,1
1152,1,1,1,2
1152,4,1,1,2
1153,1,2,1,2
1153,4,2,1,2
1154,1,2,1,1
1154,4,2,1,1
1155,1,2,1,1
1155,4,2,1,1
1156,1,2,1,2
1156,4,2,1,2
1157,1,1,3,1
1157,4,1,3,1
1158,1,3,2,2
1158,4,3,2,1
1159,1,2,1,2
1159,4,2,1,2
1160,1,1,1,2
1160,4,1,1,2
1161,1,3,2,2
1161,4,3,2,1
1162,1,3,2,1
1162,4,3,2,2
1163,1,2,3,1
1163,4,2,3,1
1164,1,1,1,1
1164,4,1,1,1
1165,1,2,3,2
1165,4,2,3,2
1166,1,3,2,1
1166,4,3,2,2
1167,1,1,3,2
1167,4,1,3,2
1168,1,3,2,2
1168,4,3,2,1
1169,1,1,1,1
1169,4,1,1,1
1170,1,1,1,2
1170,4,1,1,2
1171,1,2,1,2
1171,4,2,1,2
1172,1,3,2,1
1172,4,3,2,2
1173,1,2,3,1
1173,4,2,3,1
1174,1,2,3,2
1174,4,2,3,2
1175,1,1,1,1
1175,4,1,1,1
1176,1,3,2,2
1176,4,3,2,1
1177,1,1,1,1
1177,4,1,1,1
1178,1,2,3,1
1178,4,2,3,1
1179,1,2,3,2
1179,4,2,3,2
1180,1,2, ,2
1180,4,2, ,2
1181,1,1,1,1
1181,4,1,1,1
1182,1,1,1,2
1182,4,1,1,2
1183,1,1,1,2
1183,4,1,1,2
1184,1,2,3,2
1184,4,2,3,2
1185,1,1,1,2
1185,4,1,1,2
1186,1,2,1,1
1186,4,2,1,1
1187,1,3,2,1
1187,4,3,2,2
1188,1,2,1,2
1188,4,2,1,2
1189,1,2,1,2
1189,4,2,1,2
1190,1,1,1,1
1190,4,1,1,1
1191,1,2,1,1
1191,4,2,1,1
1192,1,2,3,2
1192,4,2,3,2
1193,1,1,1,2
1193,4,1,1,2
1194,1,2,3,2
1194,4,2,3,2
3000,1,3,2,1
3000,4,3,2,2
3001,1,3,2,2
3001,4,3,2,1
3002,1,1,3,1
3002,4,1,3,1
3003,1,3,2,2
3003,4,3,2,1
3004,1,3,2,1
3004,4,3,2,2
3005,1,2,1,1
3005,4,2,1,1
3006,1,2,1,2
3006,4,2,1,2
3007,1,3,2,2
3007,4,3,2,1
3008,1,2,3,1
3008,4,2,3,1
3009,1,1,3,2
3009,4,1,3,2
3010,1,1,3,1
3010,4,1,3,1
3011,1,2,3,1
3011,4,2,3,1
3012,1,2,1,2
3012,4,2,1,2
3013,1,2,3,2
3013,4,2,3,2
3014,1,2,3,2
3014,4,2,3,2
3015,1,2,1,2
3015,4,2,1,2
3016,1,3,2,1
3016,4,3,2,2
3017,1,3,2,1
3017,4,3,2,2
3018,1,2,3,2
3018,4,2,3,2
3019,1,3,2,2
3019,4,3,2,1
3020,1,1,3,2
3020,4,1,3,2
3021,1,1,3,2
3021,4,1,3,2
3022,1,2,1,1
3022,4,2,1,1
3023,1,3,2,2
3023,4,3,2,1
3024,1,2,3,1
3024,4,2,3,1
3025,1,3,2,1
3025,4,3,2,2
3026,1,3,2,1
3026,4,3,2,2
3027,1,2,1,2
3027,4,2,1,2
3028,1,3,2,1
3028,4,3,2,2
3029,1,2,1,2
3029,4,2,1,2
3030,1,2,1,1
3030,4,2,1,1
3031,1,2,3,1
3031,4,2,3,1
3032,1,2,1,1
3032,4,2,1,1
3033,1,1,1,2
3033,4,1,1,2
3034,1,2,1,2
3034,4,2,1,2
3035,1,3,2,2
3035,4,3,2,1
3036,1,3,2,2
3036,4,3,2,1
3037,1,2,1,1
3037,4,2,1,1
3038,1,3,2,1
3038,4,3,2,2
3039,1,2,3,2
3039,4,2,3,2
3040,1,2,3,1
3040,4,2,3,1
3041,1,3,2,2
3041,4,3,2,1
3042,1,2,1,1
3042,4,2,1,1
3043,1,2,3,1
3043,4,2,3,1
3045,1,3,2,2
3045,4,3,2,1
3046,1,1,3,1
3046,4,1,3,1
3047,1,3,2,2
3047,4,3,2,1
3048,1,2,1,1
3048,4,2,1,1
3049,1,3,2,2
3049,4,3,2,1
3050,1,3,2,2
3050,4,3,2,1
3051,1,3,2,1
3051,4,3,2,2
3052,1,3,2,2
3052,4,3,2,1
3053,1,1,1,2
3053,4,1,1,2
3054,1,3,2,2
3054,4,3,2,1
3055,1,1,1,2
3055,4,1,1,2
3056,1,3,2,1
3056,4,3,2,2
3057,1,2,1,1
3057,4,2,1,1
3058,1,1,3,2
3058,4,1,3,2
3059,1,1,3,1
3059,4,1,3,1
3061,1,3,2,2
3061,4,3,2,1
3062,1,2,3,2
3062,4,2,3,2
3063,1,3,2,2
3063,4,3,2,1
3064,1,3,2,1
3064,4,3,2,2
3065,1,2,3,1
3065,4,2,3,1
3066,1,1,1,2
3066,4,1,1,2
3067,1,3,2,2
3067,4,3,2,1
3068,1,2,1,2
3068,4,2,1,2
3070,1,3,2,1
3070,4,3,2,2
3071,1,1,1,1
3071,4,1,1,1
3073,1,2,1,2
3073,4,2,1,2
3074,1,3,2,2
3074,4,3,2,1
3075,1,3,2,2
3075,4,3,2,1
3076,1,3,2,1
3076,4,3,2,2
3077,1,3,2,2
3077,4,3,2,1
3078,1,2,3,2
3078,4,2,3,2
3079,1,2,1,1
3079,4,2,1,1
3081,1,1,3,1
3081,4,1,3,1
3082,1,2,3,1
3082,4,2,3,1
3083,1,3,2,2
3083,4,3,2,1
3084,1,2,1,2
3084,4,2,1,2
3085,1,2,3,1
3085,4,2,3,1
3086,1,3,2,1
3086,4,3,2,2
3087,1,2,3,1
3087,4,2,3,1
3088,1,3,2,1
3088,4,3,2,2
3089,1,1,3,1
3089,4,1,3,1
3090,1,2,1,2
3090,4,2,1,2
3091,1,2,3,1
3091,4,2,3,1
3092,1,2,3,1
3092,4,2,3,1
3093,1,3,2,2
3093,4,3,2,1
3094,1,1,3,2
3094,4,1,3,2
3095,1,2,3,1
3095,4,2,3,1
3096,1,2,3,1
3096,4,2,3,1
3097,1,1,1,2
3097,4,1,1,2
3098,1,2,1,2
3098,4,2,1,2
3100,1,3,2,2
3100,4,3,2,1
3101,1,2,3,2
3101,4,2,3,2
3102,1,1,1,1
3102,4,1,1,1
3103,1,3,2,2
3103,4,3,2,1
3104,1,1,1,2
3104,4,1,1,2
3106,1,3,2,1
3106,4,3,2,2
3107,1,3,2,2
3107,4,3,2,1
3108,1,3,2,1
3108,4,3,2,2
3109,1,3,2,2
3109,4,3,2,1
3110,1,2,3,1
3110,4,2,3,1
3111,1,2,1,2
3111,4,2,1,2
3112,1,3,2,2
3112,4,3,2,1
3114,1,2,3,1
3114,4,2,3,1
3115,1,2,3,1
3115,4,2,3,1
3116,1,2,3,2
3116,4,2,3,2
3117,1,1,1,2
3117,4,1,1,2
3119,1,3,2,1
3119,4,3,2,2
3120,1,1,3,1
3120,4,1,3,1
3122,1,2,1,2
3122,4,2,1,2
3123,1,3,2,2
3123,4,3,2,1
3124,1,2,1,1
3124,4,2,1,1
3125,1,2,3,1
3125,4,2,3,1
3126,1,2,1,1
3126,4,2,1,1
3129,1,1,1,1
3129,4,1,1,1
3130,1,3,2,2
3130,4,3,2,1
3133,1,3,2,1
3133,4,3,2,2
3135,1,3,2,2
3135,4,3,2,1
3136,1,2,1,1
3136,4,2,1,1
3137,1,3,2,2
3137,4,3,2,1
3138,1,1,1,1
3138,4,1,1,1
3139,1,3,2,2
3139,4,3,2,1
3140,1,3,2,1
3140,4,3,2,2
3141,1,3,2,1
3141,4,3,2,2
3142,1,1,3,1
3142,4,1,3,1
3143,1,3,2,1
3143,4,3,2,2
3144,1,1,3,2
3144,4,1,3,2
3145,1,2,3,1
3145,4,2,3,1
3146,1,1,3,2
3146,4,1,3,2
3147,1,1,3,2
3147,4,1,3,2
3148,1,2,3,2
3148,4,2,3,2
3149,1,3,2,1
3149,4,3,2,2
3150,1,2,3,1
3150,4,2,3,1
3151,1,1,1,1
3151,4,1,1,1
3152,1,1,3,1
3152,4,1,3,1
3153,1,2,1,2
3153,4,2,1,2
3154,1,3,2,2
3154,4,3,2,1
3155,1,2,3,1
3155,4,2,3,1
3156,1,3,2,2
3156,4,3,2,1
3157,1,2,3,2
3157,4,2,3,2
3158,1,3,2,2
3158,4,3,2,1
3159,1,3,2,1
3159,4,3,2,2
3161,1,1,3,1
3161,4,1,3,1
3162,1,2,1,2
3162,4,2,1,2
3163,1,2,3,1
3163,4,2,3,1
3165,1,3,2,1
3165,4,3,2,2
3167,1,1,3,1
3167,4,1,3,1
3168,1,3,2,1
3168,4,3,2,2
3169,1,2,3,2
3169,4,2,3,2
3170,1,3,2,1
3170,4,3,2,2
3171,1,2,3,2
3171,4,2,3,2
3172,1,1,1,2
3172,4,1,1,2
3173,1,2,1,1
3173,4,2,1,1
3174,1,2,1,2
3174,4,2,1,2
3175,1,1,3,2
3175,4,1,3,2
3176,1,2,1,1
3176,4,2,1,1
3177,1,2,3,1
3177,4,2,3,1
3178,1,3,2,1
3178,4,3,2,2
3180,1,3,2,2
3180,4,3,2,1
3181,1,2,3,2
3181,4,2,3,2
3182,1,3,2,1
3182,4,3,2,2
3183,1,3,2,2
3183,4,3,2,1
3184,1,3,2,1
3184,4,3,2,2
3186,1, , ,2
3186,4, , ,2
3187,1,3,2,2
3187,4,3,2,1
3189,1,1,3,2
3189,4,1,3,2
3190,1,2,1,2
3190,4,2,1,2
3191,1,3,2,1
3191,4,3,2,2
3192,1,2,1,2
3192,4,2,1,2
3193,1,3,2,1
3193,4,3,2,2
3194,1,2,3,2
3194,4,2,3,2
3195,1,3,2,1
3195,4,3,2,2
3196,1,1,1,2
3196,4,1,1,2
3197,1,3,2,1
3197,4,3,2,2
3198,1,1,3,2
3198,4,1,3,2
3199,1,3,2,1
3199,4,3,2,2
3200,1,2,1,2
3200,4,2,1,2
3201,1,2,3,1
3201,4,2,3,1
3202,1,2,3,2
3202,4,2,3,2
3203,1,2,1,2
3203,4,2,1,2
3204,1,3,2,2
3204,4,3,2,1
3205,1,2,1,2
3205,4,2,1,2
3206,1,2,3,1
3206,4,2,3,1
3207,1,1,3,1
3207,4,1,3,1
3208,1,2,3,2
3208,4,2,3,2
3209,1,3,2,1
3209,4,3,2,2
3211,1,3,2,1
3211,4,3,2,2
3213,1,3,2,1
3213,4,3,2,2
3214,1,3,2,2
3214,4,3,2,1
3215,1,3,2,2
3215,4,3,2,1
3216,1,2,3,1
3216,4,2,3,1
3217,1,3,2,2
3217,4,3,2,1
3218,1,2,3,1
3218,4,2,3,1
3219,1,3,2,2
3219,4,3,2,1
3220,1,3,2,1
3220,4,3,2,2
3221,1,2,11,2
3221,4,2,11,2
3222,1,3,2,2
3222,4,3,2,1
3223,1,3,2,1
3223,4,3,2,2
3224,1,3,2,1
3224,4,3,2,2
3225,1,3,2,1
3225,4,3,2,2
3226,1,3,2,1
3226,4,3,2,2
3227,1,1,3,1
3227,4,1,3,1
3228,1,2,11,1
3228,4,2,11,1
3229,1,2,3,1
3229,4,2,3,1
3230,1,3,2,1
3230,4,3,2,2
3231,1,3,2,2
3231,4,3,2,1
3232,1,1,1,1
3232,4,1,1,1
3233,1,2,1,2
3233,4,2,1,2
3234,1,3,2,2
3234,4,3,2,1
3235,1,3,2,1
3235,4,3,2,2
3236,1,2,3,2
3236,4,2,3,2
3237,1,3,2,1
3237,4,3,2,2
3238,1,1,3,1
3238,4,1,3,1
3239,1,2,1,1
3239,4,2,1,1
3240,1,1,3,2
3240,4,1,3,2
3243,1,3,2,2
3243,4,3,2,1
3244,1,3,2,1
3244,4,3,2,2
3246,1,3,2,2
3246,4,3,2,1
3247,1,1,3,1
3247,4,1,3,1
3248,1,2,3,1
3248,4,2,3,1
3249,1,3,2,2
3249,4,3,2,1
3250,1,2,3,1
3250,4,2,3,1
3251,1,2,1,1
3251,4,2,1,1
3252,1,3,2,2
3252,4,3,2,1
3253,1,3,2,2
3253,4,3,2,1
3254,1,2,3,2
3254,4,2,3,2
3255,1,3,2,1
3255,4,3,2,2
3258,1,2,3,2
3258,4,2,3,2
3259,1,2,1,2
3259,4,2,1,2
3260,1,1,1,1
3260,4,1,1,1
3261,1,1,1,1
3261,4,1,1,1
3262,1,2,1,1
3262,4,2,1,1
3263,1,2,3,1
3263,4,2,3,1
3264,1,1,1,2
3264,4,1,1,2
3265,1,3,2,1
3265,4,3,2,2
3266,1,3,2,2
3266,4,3,2,1
3268,1,1,1,1
3268,4,1,1,1
3269,1,2,1,2
3269,4,2,1,2
3270,1,2,1,1
3270,4,2,1,1
3271,1,3,2,2
3271,4,3,2,1
3272,1,1,3,2
3272,4,1,3,2
3273,1,3,2,1
3273,4,3,2,2
3274,1,3,2,2
3274,4,3,2,1
3275,1,1,1,2
3275,4,1,1,2
3276,1,3,2,2
3276,4,3,2,1
3277,1,1,3,1
3277,4,1,3,1
3279,1,2,3,2
3279,4,2,3,2
3280,1,2,1,1
3280,4,2,1,1
3281,1,1,1,1
3281,4,1,1,1
3282,1,2,1,2
3282,4,2,1,2
3283,1,3,2,1
3283,4,3,2,2
3284,1,2,3,1
3284,4,2,3,1
3285,1,3,2,1
3285,4,3,2,2
3286,1,2,3,1
3286,4,2,3,1
3287,1,2,1,1
3287,4,2,1,1
3288,1,2,1,2
3288,4,2,1,2
3289,1,3,2,2
3289,4,3,2,1
3290,1,1,3,2
3290,4,1,3,2
3291,1,1,3,1
3291,4,1,3,1
3292,1,2,1,2
3292,4,2,1,2
3293,1,2,1,1
3293,4,2,1,1
3295,1,3,2,2
3295,4,3,2,1
3296,1,2,3,1
3296,4,2,3,1
3298,1, , ,2
3298,4, , ,2
3299,1,2,1,2
3299,4,2,1,2
3300,1,2,1,1
3300,4,2,1,1
3301,1,2,3,1
3301,4,2,3,1
3302,1,2,1,2
3302,4,2,1,2
3303,1,3,2,2
3303,4,3,2,1
3304,1,1,3,1
3304,4,1,3,1
3305,1,3,2,2
3305,4,3,2,1
3306,1,2,3,2
3306,4,2,3,2
3307,1,2,1,2
3307,4,2,1,2
3308,1,2,1,1
3308,4,2,1,1
3309,1,2,1,1
3309,4,2,1,1
3310,1,2,3,2
3310,4,2,3,2
3311,1,1,3,2
3311,4,1,3,2
3312,1,1,1,1
3312,4,1,1,1
3313,1,3,2,2
3313,4,3,2,1
3314,1,3,2,2
3314,4,3,2,1
3315,1,2,3,2
3315,4,2,3,2
3316,1,1,1,1
3316,4,1,1,1
3317,1,3,2,1
3317,4,3,2,2
3318,1,1,3,1
3318,4,1,3,1
3319,1,1,1,2
3319,4,1,1,2
3320,1,2,1,1
3320,4,2,1,1
3321,1,3,2,2
3321,4,3,2,1
3322,1,3,2,2
3322,4,3,2,1
3323,1,2,3,2
3323,4,2,3,2
3324,1,3,2,1
3324,4,3,2,2
3325,1,2,3,1
3325,4,2,3,1
3326,1,1,1,1
3326,4,1,1,1
3327,1,2,3,2
3327,4,2,3,2
3329,1,2,3,1
3329,4,2,3,1
3330,1,2,3,2
3330,4,2,3,2
3331,1,2,3,1
3331,4,2,3,1
3332,1,2,3,1
3332,4,2,3,1
3333,1,3,2,1
3333,4,3,2,2
3334,1,3,2,2
3334,4,3,2,1
3336,1,1,1,1
3336,4,1,1,1
3337,1,2,3,2
3337,4,2,3,2
3338,1,1,1,2
3338,4,1,1,2
3339,1,2,1,2
3339,4,2,1,2
3340,1,1,1,2
3340,4,1,1,2
3341,1,2,1,1
3341,4,2,1,1
3342,1,2,1,2
3342,4,2,1,2
3343,1,2,1,1
3343,4,2,1,1
3344,1,2,1,2
3344,4,2,1,2
3345,1,3,2,1
3345,4,3,2,2
3346,1,2,1,2
3346,4,2,1,2
3347,1,3,2,2
3347,4,3,2,1
3348,1,2,1,2
3348,4,2,1,2
3349,1,3,2,1
3349,4,3,2,2
3350,1,2,1,1
3350,4,2,1,1
3352,1,3,2,1
3352,4,3,2,2
3353,1,2,1,2
3353,4,2,1,2
3354,1,3,2,1
3354,4,3,2,2
3356,1,3,2,2
3356,4,3,2,1
3357,1,1,1,1
3357,4,1,1,1
3358,1,1,3,2
3358,4,1,3,2
3359,1,3,2,2
3359,4,3,2,1
3360,1,3,2,1
3360,4,3,2,2
3361,1,3,2,1
3361,4,3,2,2
3362,1,2,1,2
3362,4,2,1,2
3363,1,2,1,1
3363,4,2,1,1
3364,1,2,3,2
3364,4,2,3,2
3365,1,2,3,2
3365,4,2,3,2
3366,1,2,3,1
3366,4,2,3,1
3367,1,1,3,1
3367,4,1,3,1
3368,1,1,1,2
3368,4,1,1,2
3369,1,2,3,2
3369,4,2,3,2
3370,1,3,2,1
3370,4,3,2,2
3371,1,2,3,1
3371,4,2,3,1
3372,1,2,3,1
3372,4,2,3,1
3373,1,2,3,2
3373,4,2,3,2
3374,1,3,2,1
3374,4,3,2,2
3375,1,2,1,1
3375,4,2,1,1
3376,1,3,2,1
3376,4,3,2,2
3377,1,1,1,1
3377,4,1,1,1
3378,1,3,2,1
3378,4,3,2,2
3379,1,2,1,1
3379,4,2,1,1
3380,1,1,3,1
3380,4,1,3,1
3381,1,2,3,2
3381,4,2,3,2
3382,1,2,1,1
3382,4,2,1,1
3383,1,3,2,2
3383,4,3,2,1
3384,1,3,2,1
3384,4,3,2,2
3385,1,3,2,1
3385,4,3,2,2
3386,1,2,3,2
3386,4,2,3,2
3387,1,3,2,2
3387,4,3,2,1
3390,1,3,2,2
3390,4,3,2,1
3391,1,2,1,2
3391,4,2,1,2
3392,1,2,3,2
3392,4,2,3,2
3393,1,1,1,1
3393,4,1,1,1
3394,1,2,3,1
3394,4,2,3,1
3395,1,2,1,1
3395,4,2,1,1
3396,1,3,2,2
3396,4,3,2,1
3397,1,1,3,1
3397,4,1,3,1
3398,1,1,1,2
3398,4,1,1,2
3401,1,2,3,2
3401,4,2,3,2
3402,1,3,2,1
3402,4,3,2,2
3403,1,2,3,1
3403,4,2,3,1
3404,1,2,3,2
3404,4,2,3,2
3405,1,3,2,2
3405,4,3,2,1
3406,1,2,3,2
3406,4,2,3,2
3407,1,3,2,1
3407,4,3,2,2
3408,1,1,1,1
3408,4,1,1,1
3409,1,1,3,2
3409,4,1,3,2
3410,1,3,2,2
3410,4,3,2,1
3411,1,3,2,1
3411,4,3,2,2
3412,1,3,2,2
3412,4,3,2,1
3413,1,1,3,1
3413,4,1,3,1
3414,1,2,3,1
3414,4,2,3,1
3417,1,1,1,1
3417,4,1,1,1
3418,1,1,3,1
3418,4,1,3,1
3420,1,1,1,2
3420,4,1,1,2
3421,1,3,2,1
3421,4,3,2,2
3422,1,3,2,2
3422,4,3,2,1
3423,1,2,3,2
3423,4,2,3,2
3424,1,1,3,2
3424,4,1,3,2
3425,1,3,2,1
3425,4,3,2,2
3426,1,2,3,2
3426,4,2,3,2
3427,1,3,2,2
3427,4,3,2,1
3428,1,3,2,2
3428,4,3,2,1
3430,1,3,2,1
3430,4,3,2,2
3431,1,2,1,1
3431,4,2,1,1
3432,1,2,1,1
3432,4,2,1,1
3433,1,3,2,1
3433,4,3,2,2
3434,1,3,2,2
3434,4,3,2,1
3435,1,3,2,2
3435,4,3,2,1
3437,1,3,2,2
3437,4,3,2,1
3438,1,3,2,1
3438,4,3,2,2
3439,1,2,3,1
3439,4,2,3,1
3440,1,3,2,1
3440,4,3,2,2
3442,1,3,2,1
3442,4,3,2,2
3443,1,3,2,1
3443,4,3,2,2
3445,1,3,2,2
3445,4,3,2,1
3446,1, , ,1
3446,4, , ,1
3447,1,1,1,2
3447,4,1,1,2
3448,1,2,1,2
3448,4,2,1,2
3450,1,1,1,1
3450,4,1,1,1
3452,1,3,2,1
3452,4,3,2,2
3453,1,3,2,2
3453,4,3,2,1
3454,1,3,2,1
3454,4,3,2,2
3455,1,3,2,1
3455,4,3,2,2
3457,1,2,3,1
3457,4,2,3,1
3458,1,2,1,2
3458,4,2,1,2
3459,1,3,2,1
3459,4,3,2,2
3460,1,2,3,1
3460,4,2,3,1
3461,1,3,2,2
3461,4,3,2,1
3462,1,2,1,1
3462,4,2,1,1
3463,1,2,3,1
3463,4,2,3,1
3464,1,3,2,2
3464,4,3,2,1
3465,1,3,2,2
3465,4,3,2,1
3466,1,3,2,1
3466,4,3,2,2
3467,1,3,2,1
3467,4,3,2,2
3468,1,2,1,2
3468,4,2,1,2
3469,1,3,2,1
3469,4,3,2,2
3470,1,3,2,2
3470,4,3,2,1
3471,1,3,2,2
3471,4,3,2,1
3472,1,3,2,1
3472,4,3,2,2
3473,1,3,2,1
3473,4,3,2,2
3474,1,3,2,1
3474,4,3,2,2
3475,1,3,2,2
3475,4,3,2,1
3476,1,3,2,1
3476,4,3,2,2
3477,1,3,2,2
3477,4,3,2,1
3478,1,1,1,2
3478,4,1,1,2
3479,1,2,1,2
3479,4,2,1,2
3481,1,1,3,1
3481,4,1,3,1
3482,1,1,3,2
3482,4,1,3,2
3483,1,1,3,1
3483,4,1,3,1
3484,1,1,3,1
3484,4,1,3,1
3485,1,2,1,2
3485,4,2,1,2
3486,1,3,2,2
3486,4,3,2,1
3487,1,3,2,2
3487,4,3,2,1
3488,1,3,2,1
3488,4,3,2,2
3489,1,2,3,2
3489,4,2,3,2
3490,1,2,3,1
3490,4,2,3,1
3491,1,2,3,2
3491,4,2,3,2
3492,1,2,3,2
3492,4,2,3,2
3493,1,3,2,1
3493,4,3,2,2
3494,1,2,3,2
3494,4,2,3,2
3495,1,3,2,2
3495,4,3,2,1
3496,1,1,3,2
3496,4,1,3,2
3497,1,1,1,1
3497,4,1,1,1
3498,1,2,1,2
3498,4,2,1,2
3499,1,3,2,2
3499,4,3,2,1
3500,1,2,1,2
3500,4,2,1,2
3501,1,2,1,2
3501,4,2,1,2
3502,1,2,1,2
3502,4,2,1,2
3503,1,2,1,2
3503,4,2,1,2
3504,1,2,1,2
3504,4,2,1,2
3505,1,2,1,1
3505,4,2,1,1
3506,1,2,3,2
3506,4,2,3,2
3507,1,3,2,2
3507,4,3,2,1
3508,1,3,2,2
3508,4,3,2,1
3509,1,3,2,2
3509,4,3,2,1
3510,1,2,3,1
3510,4,2,3,1
3511,1,1,3,1
3511,4,1,3,1
3512,1,2,1,1
3512,4,2,1,1
3513,1,2,3,1
3513,4,2,3,1
3514,1,3,2,2
3514,4,3,2,1
3515,1,2,1,1
3515,4,2,1,1
3516,1,2,3,1
3516,4,2,3,1
3517,1,3,2,1
3517,4,3,2,2
3518,1,3,2,2
3518,4,3,2,1
3519,1,3,2,2
3519,4,3,2,1
3521,1,2,1,2
3521,4,2,1,2
3523,1,3,2,1
3523,4,3,2,2
3524,1,3,2,1
3524,4,3,2,2
3525,1,3,2,1
3525,4,3,2,2
3526,1,1,1,2
3526,4,1,1,2
3527,1,3,2,2
3527,4,3,2,1
3528,1,1,1,2
3528,4,1,1,2
3529,1,3,2,1
3529,4,3,2,2
3530,1,3,2,1
3530,4,3,2,2
3531,1,2,1,2
3531,4,2,1,2
3532,1,2,3,1
3532,4,2,3,1
3533,1,2,3,2
3533,4,2,3,2
3534,1,3,2,2
3534,4,3,2,1
3535,1,2,1,2
3535,4,2,1,2
3536,1,3,2,1
3536,4,3,2,2
3537,1,3,2,2
3537,4,3,2,1
3538,1,2,1,2
3538,4,2,1,2
3539,1,2,1,2
3539,4,2,1,2
3540,1,2,3,2
3540,4,2,3,2
3541,1,3,2,2
3541,4,3,2,1
3542,1,2,1,2
3542,4,2,1,2
3543,1,2,3,1
3543,4,2,3,1
3544,1,2,3,2
3544,4,2,3,2
3545,1,2,3,2
3545,4,2,3,2
3546,1,3,2,2
3546,4,3,2,1
3547,1,2,3,2
3547,4,2,3,2
3549,1,2,1,2
3549,4,2,1,2
3550,1,2,1,1
3550,4,2,1,1
3551,1,1,3,2
3551,4,1,3,2
3552,1,3,2,1
3552,4,3,2,2
3553,1,1,5,1
3553,4,1,5,1
3555,1,3,2,1
3555,4,3,2,2
3556,1,2,3,2
3556,4,2,3,2
3557,1,2,3,2
3557,4,2,3,2
3558,1,2,1,1
3558,4,2,1,1
3559,1,3,2,2
3559,4,3,2,1
3560,1,2,3,2
3560,4,2,3,2
3561,1,1,3,1
3561,4,1,3,1
3562,1,2,3,2
3562,4,2,3,2
3563,1,2,3,1
3563,4,2,3,1
3564,1,2,1,1
3564,4,2,1,1
3565,1,3,2,1
3565,4,3,2,2
3566,1,1,3,2
3566,4,1,3,2
3567,1, , ,2
3567,4, , ,2
3568,1, , ,1
3568,4, , ,1
3569,1,3,2,2
3569,4,3,2,1
3571,1, , ,1
3571,4, , ,1
3572,1,2,3,2
3572,4,2,3,2
3573,1,3,2,2
3573,4,3,2,1
3574,1,1,1,2
3574,4,1,1,2
3575,1,1,3,2
3575,4,1,3,2
3576,1,1,1,2
3576,4,1,1,2
3577,1,3,2,1
3577,4,3,2,2
3578,1,2,1,1
3578,4,2,1,1
3579,1,1,3,1
3579,4,1,3,1
3580,1,3,2,2
3580,4,3,2,1
3581,1,3,2,1
3581,4,3,2,2
3582,1,3,2,1
3582,4,3,2,2
3583,1,3,2,1
3583,4,3,2,2
3585,1,2,1,1
3585,4,2,1,1
3586,1,1,1,2
3586,4,1,1,2
3587,1,1,3,2
3587,4,1,3,2
3588,1,2,3,1
3588,4,2,3,1
3589,1,1,1,1
3589,4,1,1,1
3590,1,1,3,2
3590,4,1,3,2
3591,1,2,3,2
3591,4,2,3,2
3592,1,2,3,2
3592,4,2,3,2
3593,1,2,1,2
3593,4,2,1,2
3594,1,2,3,2
3594,4,2,3,2
3595,1,1,1,1
3595,4,1,1,1
3596,1,2,1,1
3596,4,2,1,1
3597,1,3,2,1
3597,4,3,2,2
3598,1, , ,1
3598,4, , ,1
3599,1,2,3,1
3599,4,2,3,1
3600,1,1,1,1
3600,4,1,1,1
3601,1,3,2,2
3601,4,3,2,1
3602,1,3,2,1
3602,4,3,2,2
3603,1,2,1,2
3603,4,2,1,2
3604,1,2,3,2
3604,4,2,3,2
3606,1,2,3,2
3606,4,2,3,2
3607,1,2,8,1
3607,4,2,8,1
3608,1,2,3,2
3608,4,2,3,2
3609,1,3,2,1
3609,4,3,2,2
3610,1,3,2,2
3610,4,3,2,1
3611,1,3,2,2
3611,4,3,2,1
3612,1,3,2,2
3612,4,3,2,1
3613,1,1,3,1
3613,4,1,3,1
3614,1,2,3,2
3614,4,2,3,2
3615,1,2,1,1
3615,4,2,1,1
3616,1,3,2,1
3616,4,3,2,2
3617,1,3,2,1
3617,4,3,2,2
3618,1,3,2,1
3618,4,3,2,2
3619,1,1,3,1
3619,4,1,3,1
3620,1,2,1,1
3620,4,2,1,1
3621,1,1,1,1
3621,4,1,1,1
3622,1,3,2,2
3622,4,3,2,1
3623,1,2,3,1
3623,4,2,3,1
3624,1,2,3,2
3624,4,2,3,2
3625,1,2,3,2
3625,4,2,3,2
3626,1,2,1,1
3626,4,2,1,1
3627,1,2,1,2
3627,4,2,1,2
3628,1,3,2,2
3628,4,3,2,1
3629,1,3,2,2
3629,4,3,2,1
3630,1,2,1,2
3630,4,2,1,2
3631,1,2,3,2
3631,4,2,3,2
3632,1,2,3,1
3632,4,2,3,1
3633,1,1,3,2
3633,4,1,3,2
3634,1,1,3,2
3634,4,1,3,2
3636,1, , ,1
3636,4, , ,1
3637,1,3,2,2
3637,4,3,2,1
3638,1,3,2,2
3638,4,3,2,1
3639,1,2,1,2
3639,4,2,1,2
3640,1,1,1,1
3640,4,1,1,1
3641,1,3,2,2
3641,4,3,2,1
3642,1,1,3,2
3642,4,1,3,2
3643,1,2,3,2
3643,4,2,3,2
3645,1,2,3,2
3645,4,2,3,2
3646,1,1,3,1
3646,4,1,3,1
3647,1,3,2,2
3647,4,3,2,1
3648,1,1,1,1
3648,4,1,1,1
3649,1,3,2,1
3649,4,3,2,2
3650,1,3,2,2
3650,4,3,2,1
3651,1,3,2,1
3651,4,3,2,2
3652,1,1,1,1
3652,4,1,1,1
3653,1,3,2,1
3653,4,3,2,2
3654,1,2,1,1
3654,4,2,1,1
3655,1,2,3,2
3655,4,2,3,2
3656,1,2,1,2
3656,4,2,1,2
3658,1,2,3,1
3658,4,2,3,1
3659,1,2,3,1
3659,4,2,3,1
3660,1,2,1,2
3660,4,2,1,2
3661,1,2,3,1
3661,4,2,3,1
3662,1,2,1,1
3662,4,2,1,1
3663,1,2,1,1
3663,4,2,1,1
3664,1,2,3,1
3664,4,2,3,1
3665,1, , ,2
3665,4, , ,2
3666,1,3,2,2
3666,4,3,2,1
3667,1,3,2,2
3667,4,3,2,1
3668,1,3,2,1
3668,4,3,2,2
3669,1,3,2,1
3669,4,3,2,2
3670,1,2,1,2
3670,4,2,1,2
3671,1,3,2,2
3671,4,3,2,1
3672,1,1,3,1
3672,4,1,3,1
3673,1,3,2,1
3673,4,3,2,2
3674,1,3,2,1
3674,4,3,2,2
3675,1,3,2,1
3675,4,3,2,2
3676,1,2,1,2
3676,4,2,1,2
3677,1,2,3,1
3677,4,2,3,1
3678,1,1,1,2
3678,4,1,1,2
3679,1,3,2,1
3679,4,3,2,2
3680,1,1,1,2
3680,4,1,1,2
3681,1,2,3,1
3681,4,2,3,1
3683,1,3,2,2
3683,4,3,2,1
3684,1,2,1,1
3684,4,2,1,1
3685,1,3,2,1
3685,4,3,2,2
3686,1,2,3,2
3686,4,2,3,2
3687,1,3,2,1
3687,4,3,2,2
3688,1,2,3,1
3688,4,2,3,1
3690,1,1,3,2
3690,4,1,3,2
3691,1,3,2,2
3691,4,3,2,1
3692,1,3,2,2
3692,4,3,2,1
3693,1,3,2,2
3693,4,3,2,1
3694,1,3,2,1
3694,4,3,2,2
3695,1,2,3,1
3695,4,2,3,1
3696,1,3,2,2
3696,4,3,2,1
3697,1,3,2,1
3697,4,3,2,2
3698,1,2,3,1
3698,4,2,3,1
3699,1,1,1,1
3699,4,1,1,1
3700,1,3,2,2
3700,4,3,2,1
3701,1,1,3,2
3701,4,1,3,2
3702,1,2,1,2
3702,4,2,1,2
3703,1,3,2,2
3703,4,3,2,1
3704,1,2,3,1
3704,4,2,3,1
3705,1,3,2,1
3705,4,3,2,2
3706,1,3,2,1
3706,4,3,2,2
3707,1,1,1,2
3707,4,1,1,2
3708,1,2,1,2
3708,4,2,1,2
3710,1,1,3,2
3710,4,1,3,2
3711,1,2,1,2
3711,4,2,1,2
3712,1,1,1,1
3712,4,1,1,1
3713,1,2,1,2
3713,4,2,1,2
3714,1,2,1,1
3714,4,2,1,1
3715,1,2,1,2
3715,4,2,1,2
3716,1,1,3,2
3716,4,1,3,2
3717,1,2,1,1
3717,4,2,1,1
3718,1, , ,1
3718,4, , ,1
3719,1,2,3,2
3719,4,2,3,2
3720,1,2,1,2
3720,4,2,1,2
3721,1,3,2,1
3721,4,3,2,2
3722,1,3,2,1
3722,4,3,2,2
3723,1,2,3,2
3723,4,2,3,2
3724,1,3,2,1
3724,4,3,2,2
3725,1,3,2,1
3725,4,3,2,2
3727,1,3,2,1
3727,4,3,2,2
3728,1,2,1,1
3728,4,2,1,1
3729,1,3,2,2
3729,4,3,2,1
3730,1,3,2,1
3730,4,3,2,2
3731,1,1,1,1
3731,4,1,1,1
3732,1,2,1,2
3732,4,2,1,2
3733,1,2,1,2
3733,4,2,1,2
3734,1,3,2,2
3734,4,3,2,1
3735,1,2,3,2
3735,4,2,3,2
3736,1,2,11,2
3736,4,2,11,2
3737,1,3,2,2
3737,4,3,2,1
3738,1,2,1,2
3738,4,2,1,2
3739,1,3,2,1
3739,4,3,2,2
3741,1,3,2,1
3741,4,3,2,2
3743,1,1,3,2
3743,4,1,3,2
3744,1,2,3,1
3744,4,2,3,1
3745,1,3,2,1
3745,4,3,2,2
3746,1,2,1,2
3746,4,2,1,2
3747,1,3,2,2
3747,4,3,2,1
3748,1,3,2,1
3748,4,3,2,2
3749,1,2,1,2
3749,4,2,1,2
3750,1,3,2,2
3750,4,3,2,1
3752,1,1,1,1
3752,4,1,1,1
3753,1,2,3,2
3753,4,2,3,2
3754,1,2,1,2
3754,4,2,1,2
3755,1,1,3,2
3755,4,1,3,2
3756,1,2,1,2
3756,4,2,1,2
3757,1,3,2,1
3757,4,3,2,2
3758,1,1,3,1
3758,4,1,3,1
3759,1,2,1,1
3759,4,2,1,1
3760,1,3,2,1
3760,4,3,2,2
3761,1,2,3,1
3761,4,2,3,1
3762,1,2,3,2
3762,4,2,3,2
3763,1,2,1,1
3763,4,2,1,1
3764,1,3,2,2
3764,4,3,2,1
3765,1,2,1,1
3765,4,2,1,1
3766,1,1,1,1
3766,4,1,1,1
3767,1,1,1,1
3767,4,1,1,1
3768,1,2,1,1
3768,4,2,1,1
3769,1,3,2,1
3769,4,3,2,2
3770,1,3,2,1
3770,4,3,2,2
3771,1,3,2,1
3771,4,3,2,2
3772,1, , ,2
3772,4, , ,2
3773,1,2,1,1
3773,4,2,1,1
3774,1,3,2,1
3774,4,3,2,2
3775,1,2,1,2
3775,4,2,1,2
3776,1,3,2,1
3776,4,3,2,2
3777,1,1,3,1
3777,4,1,3,1
3778,1,3,2,2
3778,4,3,2,1
3779,1,3,2,2
3779,4,3,2,1
3780,1,3,2,2
3780,4,3,2,1
3781,1,1,3,2
3781,4,1,3,2
3782,1,3,2,2
3782,4,3,2,1
3783,1,2,3,1
3783,4,2,3,1
3784,1,2,3,1
3784,4,2,3,1
3785,1,3,2,1
3785,4,3,2,2
3787,1,1,3,1
3787,4,1,3,1
3788,1,2,1,2
3788,4,2,1,2
3789,1,2,1,2
3789,4,2,1,2
3790,1,2,1,2
3790,4,2,1,2
3791,1,3,2,2
3791,4,3,2,1
3792,1,1,1,2
3792,4,1,1,2
3793,1, , ,1
3793,4, , ,1
3794,1,1,3,1
3794,4,1,3,1
3795,1,1,3,2
3795,4,1,3,2
3796,1,3,2,1
3796,4,3,2,2
3798,1,2,1,2
3798,4,2,1,2
3799,1,1,1,1
3799,4,1,1,1
3800,1,3,2,2
3800,4,3,2,1
3801,1,3,2,1
3801,4,3,2,2
3802,1,2,1,1
3802,4,2,1,1
3803,1,3,2,2
3803,4,3,2,1
3804,1,3,2,2
3804,4,3,2,1
3805,1,3,2,2
3805,4,3,2,1
3806,1,2,1,2
3806,4,2,1,2
3807,1,3,2,2
3807,4,3,2,1
3808,1,1,3,2
3808,4,1,3,2
3809,1,3,2,2
3809,4,3,2,1
3810,1,2,3,1
3810,4,2,3,1
3811,1,3,2,1
3811,4,3,2,2
3812,1,3,2,2
3812,4,3,2,1
3813,1,3,2,2
3813,4,3,2,1
3814,1,3,2,2
3814,4,3,2,1
3815,1,3,2,2
3815,4,3,2,1
3816,1,2,8,2
3816,4,2,8,2
3817,1,3,2,2
3817,4,3,2,1
3818,1,1,3,2
3818,4,1,3,2
3819,1,2,1,2
3819,4,2,1,2
3820,1,1,3,2
3820,4,1,3,2
3821,1,3,2,2
3821,4,3,2,1
3822,1,2,3,2
3822,4,2,3,2
3823,1,2,3,1
3823,4,2,3,1
3824,1,2,3,1
3824,4,2,3,1
3825,1,3,2,1
3825,4,3,2,2
3826,1,2,1,2
3826,4,2,1,2
3827,1,1,1,2
3827,4,1,1,2
3830,1,2,1,1
3830,4,2,1,1
3831,1,2,1,1
3831,4,2,1,1
3832,1,2,1,2
3832,4,2,1,2
3833,1,1,3,1
3833,4,1,3,1
3834,1,3,2,1
3834,4,3,2,2
3835,1,3,2,2
3835,4,3,2,1
3836,1,2,1,2
3836,4,2,1,2
3837,1,2,3,2
3837,4,2,3,2
3838,1,3,2,1
3838,4,3,2,2
3839,1,2,1,1
3839,4,2,1,1
3840,1,2,3,1
3840,4,2,3,1
3841,1,2,3,1
3841,4,2,3,1
3842,1,2,3,1
3842,4,2,3,1
3843,1,3,2,1
3843,4,3,2,2
3844,1,3,2,1
3844,4,3,2,2
3845,1,2,1,1
3845,4,2,1,1
3846,1,1,1,1
3846,4,1,1,1
3847,1,1,3,1
3847,4,1,3,1
3848,1,2,3,2
3848,4,2,3,2
3849,1,1,3,1
3849,4,1,3,1
3850,1,2,3,1
3850,4,2,3,1
3851,1,3,2,2
3851,4,3,2,1
3852,1,1,1,1
3852,4,1,1,1
3853,1,3,2,2
3853,4,3,2,1
3854,1,2,3,1
3854,4,2,3,1
3855,1,1,1,2
3855,4,1,1,2
3856,1,1,3,1
3856,4,1,3,1
3857,1,2,1,1
3857,4,2,1,1
3858,1,1,1,2
3858,4,1,1,2
3859,1,2,3,2
3859,4,2,3,2
3861,1,2,3,1
3861,4,2,3,1
3862,1,2,3,1
3862,4,2,3,1
3863,1,1,1,2
3863,4,1,1,2
3864,1,2,3,1
3864,4,2,3,1
3865,1,2,3,1
3865,4,2,3,1
3866,1,1,1,1
3866,4,1,1,1
3867,1,1,3,2
3867,4,1,3,2
3868,1,2,3,1
3868,4,2,3,1
3869,1,2,3,2
3869,4,2,3,2
3870,1,2,3,2
3870,4,2,3,2
3871,1,2,1,2
3871,4,2,1,2
3872,1,2,3,2
3872,4,2,3,2
3873,1,2,3,1
3873,4,2,3,1
3874,1,1,1,1
3874,4,1,1,1
3875,1,3,2,1
3875,4,3,2,2
3876,1,3,2,2
3876,4,3,2,1
3877,1,3,2,2
3877,4,3,2,1
3878,1,2,3,2
3878,4,2,3,2
3879,1,3,2,2
3879,4,3,2,1
3880,1,2,3,2
3880,4,2,3,2
3881,1,2,1,2
3881,4,2,1,2
3882,1,2,1,1
3882,4,2,1,1
3883,1,3,2,2
3883,4,3,2,1
3884,1,3,2,2
3884,4,3,2,1
3885,1,2,3,1
3885,4,2,3,1
3886,1,3,2,2
3886,4,3,2,1
3887,1,1,3,1
3887,4,1,3,1
3888,1,3,2,1
3888,4,3,2,2
3889,1,2,3,1
3889,4,2,3,1
3890,1,2,3,1
3890,4,2,3,1
3891,1,1,1,1
3891,4,1,1,1
3892,1,3,2,2
3892,4,3,2,1
3893,1,3,2,2
3893,4,3,2,1
3894,1,1,3,1
3894,4,1,3,1
3895,1,2,1,1
3895,4,2,1,1
3896,1,2,1,2
3896,4,2,1,2
3897,1,2,3,2
3897,4,2,3,2
3898,1,3,2,2
3898,4,3,2,1
3899,1,3,2,2
3899,4,3,2,1
3900,1,3,2,2
3900,4,3,2,1
3901,1,3,2,2
3901,4,3,2,1
3902,1,2,3,2
3902,4,2,3,2
3903,1,1,3,1
3903,4,1,3,1
3904,1,3,2,2
3904,4,3,2,1
3905,1,3,2,1
3905,4,3,2,2
3906,1,1,1,1
3906,4,1,1,1
3908,1,2,3,2
3908,4,2,3,2
3909,1,3,2,1
3909,4,3,2,2
3910,1,1,3,2
3910,4,1,3,2
3911,1,3,2,2
3911,4,3,2,1
3912,1,3,2,2
3912,4,3,2,1
3913,1,3,2,2
3913,4,3,2,1
3914,1,2,1,1
3914,4,2,1,1
3915,1,3,2,1
3915,4,3,2,2
3916,1,3,2,2
3916,4,3,2,1
3917,1,1,3,2
3917,4,1,3,2
3918,1,2,3,2
3918,4,2,3,2
3919,1,1,3,2
3919,4,1,3,2
3920,1,2,3,1
3920,4,2,3,1
3921,1,3,2,1
3921,4,3,2,2
3922,1,3,2,2
3922,4,3,2,1
3923,1,2,11,2
3923,4,2,11,2
3924,1,2,3,1
3924,4,2,3,1
3925,1,3,2,2
3925,4,3,2,1
3926,1,2,3,1
3926,4,2,3,1
3927,1,3,2,2
3927,4,3,2,1
3928,1,2,3,2
3928,4,2,3,2
3929,1,2,3,1
3929,4,2,3,1
3930,1,2,3,2
3930,4,2,3,2
3931,1,1,3,2
3931,4,1,3,2
3932,1,2,3,2
3932,4,2,3,2
3933,1,3,2,1
3933,4,3,2,2
3934,1,3,2,1
3934,4,3,2,2
3935,1,1,3,2
3935,4,1,3,2
3936,1,2,1,2
3936,4,2,1,2
3937,1,2,3,2
3937,4,2,3,2
3938,1,3,2,1
3938,4,3,2,2
3939,1,2,1,2
3939,4,2,1,2
3940,1,2,3,2
3940,4,2,3,2
3942,1,3,2,1
3942,4,3,2,2
3943,1,3,2,2
3943,4,3,2,1
3944,1,1,3,1
3944,4,1,3,1
3945,1,3,2,2
3945,4,3,2,1
3946,1,2,3,1
3946,4,2,3,1
3947,1,3,2,2
3947,4,3,2,1
3948,1,2,3,1
3948,4,2,3,1
3949,1,3,2,1
3949,4,3,2,2
3950,1,3,2,1
3950,4,3,2,2
3951,1,2,1,2
3951,4,2,1,2
3952,1,2,1,2
3952,4,2,1,2
3953,1,3,2,1
3953,4,3,2,2
3954,1,3,2,1
3954,4,3,2,2
3955,1,2,1,2
3955,4,2,1,2
3957,1,3,2,2
3957,4,3,2,1
3958,1,2,1,1
3958,4,2,1,1
3959,1,1,3,2
3959,4,1,3,2
3960,1,3,2,1
3960,4,3,2,2
3961,1,1,1,2
3961,4,1,1,2
3962,1,2,1,2
3962,4,2,1,2
3963,1,3,2,2
3963,4,3,2,1
3964,1,2,3,2
3964,4,2,3,2
3965,1,3,2,1
3965,4,3,2,2
3966,1,3,2,1
3966,4,3,2,2
3967,1,1,3,1
3967,4,1,3,1
3968,1,2,3,2
3968,4,2,3,2
3969,1,3,2,2
3969,4,3,2,1
3970,1,1,3,2
3970,4,1,3,2
3971,1,1,1,2
3971,4,1,1,2
3972,1,2,3,2
3972,4,2,3,2
3973,1,3,2,2
3973,4,3,2,1
3974,1,1,1,2
3974,4,1,1,2
3975,1,2,3,1
3975,4,2,3,1
3976,1,2,1,1
3976,4,2,1,1
3977,1,2,1,1
3977,4,2,1,1
3978,1,3,2,1
3978,4,3,2,2
3979,1,3,2,2
3979,4,3,2,1
3980,1,3,2,1
3980,4,3,2,2
3981,1,3,2,1
3981,4,3,2,2
3982,1,3,2,1
3982,4,3,2,2
3983,1,2,1,2
3983,4,2,1,2
3984,1,1,3,1
3984,4,1,3,1
3986,1,3,2,1
3986,4,3,2,2
3987,1,2,3,2
3987,4,2,3,2
3988,1,2,3,1
3988,4,2,3,1
3989,1,3,2,1
3989,4,3,2,2
3990,1,3,2,2
3990,4,3,2,1
3991,1,3,2,2
3991,4,3,2,1
3992,1,3,2,2
3992,4,3,2,1
3993,1,2,3,2
3993,4,2,3,2
3994,1,1,1,1
3994,4,1,1,1
3995,1,3,2,2
3995,4,3,2,1
3996,1,2,3,2
3996,4,2,3,2
3997,1,3,2,2
3997,4,3,2,1
3998,1,3,2,2
3998,4,3,2,1
3999,1,2,3,2
3999,4,2,3,2
4000,1,3,2,1
4000,4,3,2,2
4001,1,3,2,2
4001,4,3,2,1
4007,1,1,5,1
4007,4,1,5,1
4009,1, , ,2
4009,4, , ,2
4011,1,1,3,1
4011,4,1,3,1
4012,1,2,5,1
4012,4,2,5,1
4013,1,3,2,2
4013,4,3,2,1
4018,1,2,1,2
4018,4,2,1,2
4021,1,1,1,1
4021,4,1,1,1
4023,1,2,5,1
4023,4,2,5,1
4025,1,3,2,1
4025,4,3,2,2
4032,1,2,5,1
4032,4,2,5,1
4033,1,2,1,1
4033,4,2,1,1
4034,1,2,5,1
4034,4,2,5,1
4042,1,2,5,1
4042,4,2,5,1
4043,1,2,3,1
4043,4,2,3,1
4045,1,3,2,1
4045,4,3,2,2
4051,1,2,5,1
4051,4,2,5,1
4052,1,1,1,1
4052,4,1,1,1
4055,1,3,2,1
4055,4,3,2,2
4059,1,2,5,2
4059,4,2,5,2
4061,1,3,2,1
4061,4,3,2,2
4062,1,2,5,1
4062,4,2,5,1
4063,1,3,2,1
4063,4,3,2,2
4064,1,3,2,2
4064,4,3,2,1
4066,1,2,5,1
4066,4,2,5,1
4069,1,1,5,2
4069,4,1,5,2
4070,1,1,5,2
4070,4,1,5,2
4072,1,2,1,1
4072,4,2,1,1
4073,1,2,3,2
4073,4,2,3,2
4074,1,2,1,2
4074,4,2,1,2
4075,1,2,5,2
4075,4,2,5,2
4076,1,2,5,1
4076,4,2,5,1
4077,1,3,2,2
4077,4,3,2,1
4078,1,3,2,1
4078,4,3,2,2
4082,1,3,2,1
4082,4,3,2,2
4083,1,2,3,2
4083,4,2,3,2
4084,1,1,3,2
4084,4,1,3,2
4085,1,2,4,2
4085,4,2,4,2
4086,1,2,1,1
4086,4,2,1,1
4087,1,1,5,2
4087,4,1,5,2
4088,1,1,1,1
4088,4,1,1,1
4089,1,2,5,1
4089,4,2,5,1
4090,1,1,5,2
4090,4,1,5,2
4091,1,2,5,2
4091,4,2,5,2
4092,1,2,5,1
4092,4,2,5,1
4093,1,2,5,1
4093,4,2,5,1
4094,1,1,3,2
4094,4,1,3,2
4095,1,3,2,1
4095,4,3,2,2
4096,1,2,3,1
4096,4,2,3,1
4097,1,3,2,2
4097,4,3,2,1
4098,1,1,5,1
4098,4,1,5,1
4099,1,2,3,1
4099,4,2,3,1
4100,1,3,2,1
4100,4,3,2,2
4101,1,2,5,1
4101,4,2,5,1
4102,1, , ,99
4102,4, , ,99
4103,1,2,5,1
4103,4,2,5,1
4104,1,3,2,1
4104,4,3,2,2
4105,1, , ,2
4105,4, , ,2
4106,1,3,2,1
4106,4,3,2,2
4107,1, , ,2
4107,4, , ,2
4108,1, , ,1
4108,4, , ,1
4109,1, , ,1
4109,4, , ,1
4110,1, , ,1
4110,4, , ,1
4111,1,3,2,1
4111,4,3,2,2
4112,1, , ,1
4112,4, , ,1
4113,1,3, ,1
4113,4,3, ,2
4114,1,3, ,2
4114,4,3, ,1
5000,1,2,6,2
5000,4,2,6,2
5005,1,1,6,1
5005,4,1,6,1
5006,1,3,2,2
5006,4,3,2,1
5009,1,1,6,1
5009,4,1,6,1
5011,1,2,6,1
5011,4,2,6,1
5012,1,2,6,1
5012,4,2,6,1
5025,1, , ,1
5025,4, , ,1
5026,1,1,6,2
5026,4,1,6,2
5027,1,3,2,1
5027,4,3,2,2
5030,1,3,2,1
5030,4,3,2,2
5033,1,2,6,2
5033,4,2,6,2
5034,1,3,2,1
5034,4,3,2,2
5036,1,2,6,1
5036,4,2,6,1
5037,1,1,6,1
5037,4,1,6,1
5038,1,3,2,2
5038,4,3,2,1
5039,1, , ,2
5039,4, , ,2
5043,1,2,6,1
5043,4,2,6,1
5045,1,1,6,1
5045,4,1,6,1
5046,1,2,6,2
5046,4,2,6,2
5047,1,2,6,1
5047,4,2,6,1
5048,1,1,6,1
5048,4,1,6,1
5050,1,3,2,2
5050,4,3,2,1
5051,1,2,6,1
5051,4,2,6,1
5052,1,1,6,1
5052,4,1,6,1
5053,1,1,6,2
5053,4,1,6,2
5054,1,1,6,2
5054,4,1,6,2
5056,1,3,2,1
5056,4,3,2,2
5057,1,1,6,1
5057,4,1,6,1
5058,1,3,2,2
5058,4,3,2,1
5059,1,3,2,2
5059,4,3,2,1
5060,1,2,6,1
5060,4,2,6,1
5061,1,3,2,1
5061,4,3,2,2
5062,1,3,2,1
5062,4,3,2,2
5063,1,1,6,2
5063,4,1,6,2
5064,1,2,6,2
5064,4,2,6,2
5065,1, , ,1
5065,4, , ,1
6000,1, , ,2
6000,4, , ,2
6001,1, , ,2
6001,4, , ,2
6002,1, , ,2
6002,4, , ,2
6003,1,3,2,2
6003,4,3,2,1
6004,1, , ,1
6004,4, , ,1
6005,1, , ,1
6005,4, , ,1
6006,1,3,2,1
6006,4,3,2,2
6007,1,2,3,2
6007,4,2,3,2
6008,1, , ,1
6008,4, , ,2
6009,1,1,3,1
6009,4,1,3,1
6010,1, , ,2
6010,4, , ,2
6011,1, , ,2
6011,4, , ,1
6012,1, , ,1
6012,4, , ,1
6013,1, , ,1
6013,4, , ,1
6014,1, , ,2
6014,4, , ,2
6015,1, , ,2
6015,4, , ,1
6016,1, , ,2
6016,4, , ,1
6017,1,2,3,2
6017,4,2,3,2
6018,1, , ,1
6018,4, , ,1
6019,1,3,2,2
6019,4,3,2,1
6020,1,2,3,2
6020,4,2,3,2
6021,1,2,3,2
6021,4,2,3,2
6022,1,2,3,1
6022,4,2,3,1
6023,1, , ,2
6023,4, , ,1
6024,1, , ,1
6024,4, , ,2
6025,1, , ,2
6025,4, , ,2
6026,1,1,3,1
6026,4,1,3,1
6027,1,2,3,1
6027,4,2,3,1
6028,1, , ,2
6028,4, , ,2
6029,1,3,2,1
6029,4,3,2,2
6030,1, , ,2
6030,4, , ,2
6031,1,1,3,1
6031,4,1,3,1
6032,1, , ,1
6032,4, , ,1
6033,1,2,3,1
6033,4,2,3,1
6034,1, , ,2
6034,4, , ,2
6035,1, , ,2
6035,4, , ,2
6036,1, , ,2
6036,4, , ,2
6037,1,2,3,1
6037,4,2,3,1
6038,1, , ,1
6038,4, , ,1
8000,1,1,1,1
8000,4,1,1,1
8001,1,3,2,2
8001,4,3,2,1
8002,1,3,2,2
8002,4,3,2,1
8003,1,2,3,1
8003,4,2,3,1
8004,1,2,3,1
8004,4,2,3,1
8005,1,3,2,1
8005,4,3,2,2
8006,1,3,2,1
8006,4,3,2,2
8007,1,3,2,2
8007,4,3,2,1
8008,1,1,3,1
8008,4,1,3,1
8010,1,2,3,1
8010,4,2,3,1
8011,1,3,2,1
8011,4,3,2,2
8012,1,1,3,2
8012,4,1,3,2
8013,1,1,3,1
8013,4,1,3,1
8014,1,2,3,2
8014,4,2,3,2
8015,1,1,1,2
8015,4,1,1,2
8016,1,3,2,2
8016,4,3,2,1
8017,1,2,3,1
8017,4,2,3,1
8018,1,2,3,2
8018,4,2,3,2
8019,1,2,1,2
8019,4,2,1,2
8020,1,1,1,1
8020,4,1,1,1
8021,1,3,2,2
8021,4,3,2,1
8022,1,2,3,1
8022,4,2,3,1
8023,1,2,1,2
8023,4,2,1,2
8024,1,2,3,2
8024,4,2,3,2
8025,1,3,2,1
8025,4,3,2,2
8026,1,2,3,2
8026,4,2,3,2
8027,1,2,1,2
8027,4,2,1,2
8028,1,3,2,1
8028,4,3,2,2
8029,1,1,3,2
8029,4,1,3,2
8030,1,3,2,2
8030,4,3,2,1
8031,1,2,3,2
8031,4,2,3,2
8032,1,3,2,2
8032,4,3,2,1
8033,1,2,1,1
8033,4,2,1,1
8034,1,3,2,1
8034,4,3,2,2
8035,1,1,3,2
8035,4,1,3,2
8036,1,3,2,1
8036,4,3,2,2
8037,1,3,2,2
8037,4,3,2,1
8038,1,3,2,1
8038,4,3,2,2
8039,1,2,3,2
8039,4,2,3,2
8040,1,2,3,1
8040,4,2,3,1
8041,1,2,1,1
8041,4,2,1,1
8042,1,2,3,2
8042,4,2,3,2
8043,1,1,1,1
8043,4,1,1,1
8044,1,3,2,1
8044,4,3,2,2
8045,1,1,3,1
8045,4,1,3,1
8046,1,1,3,2
8046,4,1,3,2
8048,1,2,3,2
8048,4,2,3,2
8049,1,3,2,1
8049,4,3,2,2
8050,1,1,3,1
8050,4,1,3,1
8051,1,3,2,1
8051,4,3,2,2
8052,1,2,3,1
8052,4,2,3,1
8054,1,2,1,2
8054,4,2,1,2
8055,1,3,2,2
8055,4,3,2,1
8056,1,2,1,1
8056,4,2,1,1
8057,1,2,3,1
8057,4,2,3,1
8058,1,1,3,2
8058,4,1,3,2
8059,1,1,3,1
8059,4,1,3,1
8060,1,2,3,1
8060,4,2,3,1
8061,1,3,2,1
8061,4,3,2,2
8062,1,1,1,2
8062,4,1,1,2
8063,1,3,2,2
8063,4,3,2,1
8064,1,1,3,1
8064,4,1,3,1
8065,1,2,3,1
8065,4,2,3,1
8066,1,2,3,1
8066,4,2,3,1
8067,1,3,2,1
8067,4,3,2,2
8068,1,3,2,2
8068,4,3,2,1
8069,1,3,2,1
8069,4,3,2,2
8070,1,3,2,1
8070,4,3,2,2
8071,1,3,2,1
8071,4,3,2,2
8072,1,2,3,1
8072,4,2,3,1
8073,1,2,3,2
8073,4,2,3,2
8074,1,3,2,2
8074,4,3,2,1
8075,1,1,3,2
8075,4,1,3,2
8076,1,3,2,1
8076,4,3,2,2
8077,1,3,2,1
8077,4,3,2,2
8078,1,3,2,1
8078,4,3,2,2
8079,1,1,3,1
8079,4,1,3,1
8080,1,2,3,1
8080,4,2,3,1
8081,1,1,3,1
8081,4,1,3,1
8082,1,2,3,2
8082,4,2,3,2
8083,1,3,2,2
8083,4,3,2,1
8084,1,2,3,1
8084,4,2,3,1
8085,1,3,2,2
8085,4,3,2,1
8086,1,2,3,2
8086,4,2,3,2
8087,1,3,2,2
8087,4,3,2,1
8088,1,2,3,1
8088,4,2,3,1
8089,1,2,3,1
8089,4,2,3,1
8090,1,1,3,1
8090,4,1,3,1
8091,1,1,3,1
8091,4,1,3,1
8092,1,1,3,1
8092,4,1,3,1
8093,1,1,1,2
8093,4,1,1,2
8094,1,3,2,1
8094,4,3,2,2
8096,1,2,3,2
8096,4,2,3,2
8097,1,1,1,1
8097,4,1,1,1
8098,1,3,2,2
8098,4,3,2,1
8099,1,3,2,1
8099,4,3,2,2
8100,1,2,1,2
8100,4,2,1,2
8101,1,3,2,1
8101,4,3,2,2
8102,1,1,3,1
8102,4,1,3,1
8103,1,3,2,2
8103,4,3,2,1
8104,1,1,3,1
8104,4,1,3,1
8105,1,3,2,2
8105,4,3,2,1
8106,1,2,3,2
8106,4,2,3,2
8107,1,3,2,1
8107,4,3,2,2
8108,1,2,1,2
8108,4,2,1,2
8109,1,2,1,2
8109,4,2,1,2
8111,1,1,3,1
8111,4,1,3,1
8112,1,3,2,2
8112,4,3,2,1
8113,1,1,1,1
8113,4,1,1,1
8114,1,3,2,1
8114,4,3,2,2
8115,1,2,3,1
8115,4,2,3,1
8116,1,2,1,1
8116,4,2,1,1
8117,1,1,3,1
8117,4,1,3,1
8118,1,3,2,2
8118,4,3,2,1
8119,1,3,2,2
8119,4,3,2,1
8120,1,3,2,1
8120,4,3,2,2
8121,1,2,1,1
8121,4,2,1,1
8122,1,3,2,2
8122,4,3,2,1
8123,1,2,1,2
8123,4,2,1,2
8124,1,2,3,1
8124,4,2,3,1
8125,1,3,2,1
8125,4,3,2,2
8126,1,3,2,1
8126,4,3,2,2
8127,1,3,2,1
8127,4,3,2,2
8128,1,1,1,1
8128,4,1,1,1
8129,1,3,2,1
8129,4,3,2,2
8130,1,2,3,1
8130,4,2,3,1
8131,1,1,3,2
8131,4,1,3,2
8132,1,3,2,1
8132,4,3,2,2
8133,1,2,3,1
8133,4,2,3,1
8134,1,3,2,2
8134,4,3,2,1
8135,1,1,3,1
8135,4,1,3,1
8136,1,2,1,1
8136,4,2,1,1
8137,1,1,1,1
8137,4,1,1,1
8138,1,2,1,1
8138,4,2,1,1
8139,1,2,3,2
8139,4,2,3,2
8140,1,1,1,1
8140,4,1,1,1
8141,1,2,3,1
8141,4,2,3,1
8142,1,2,3,2
8142,4,2,3,2
8143,1,2,1,1
8143,4,2,1,1
8144,1,1,3,1
8144,4,1,3,1
8145,1,3,2,2
8145,4,3,2,1
8146,1,3,2,1
8146,4,3,2,2
8147,1,1,1,2
8147,4,1,1,2
8148,1,3,2,2
8148,4,3,2,1
8149,1,2,3,2
8149,4,2,3,2
8150,1,2,3,1
8150,4,2,3,1
8151,1,2,3,1
8151,4,2,3,1
8152,1,3,2,1
8152,4,3,2,2
8153,1,2,1,1
8153,4,2,1,1
8154,1,2,3,1
8154,4,2,3,1
8155,1,1,3,2
8155,4,1,3,2
8156,1,2,1,1
8156,4,2,1,1
8157,1,1,3,2
8157,4,1,3,2
8158,1,3,2,1
8158,4,3,2,2
8159,1,3,2,2
8159,4,3,2,1
8160,1,1,3,2
8160,4,1,3,2
8161,1,1,3,2
8161,4,1,3,2
8162,1,3,2,1
8162,4,3,2,2
8163,1,2,1,1
8163,4,2,1,1
8164,1,3,2,2
8164,4,3,2,1
8166,1,2,3,2
8166,4,2,3,2
8167,1,2,3,2
8167,4,2,3,2
8168,1,3,2,2
8168,4,3,2,1
8169,1,2,3,1
8169,4,2,3,1
8170,1,2,3,1
8170,4,2,3,1
8171,1,2,3,2
8171,4,2,3,2
8172,1,2,3,2
8172,4,2,3,2
8173,1,2,3,1
8173,4,2,3,1
8174,1,2,1,2
8174,4,2,1,2
8175,1,2,3,1
8175,4,2,3,1
8176,1,3,2,1
8176,4,3,2,2
8177,1,3,2,2
8177,4,3,2,1
8178,1,2,3,1
8178,4,2,3,1
8179,1,1,3,1
8179,4,1,3,1
8180,1,2,3,1
8180,4,2,3,1
8181,1,2,3,2
8181,4,2,3,2
8182,1,2,3,2
8182,4,2,3,2
8183,1,3,2,1
8183,4,3,2,2
8184,1,2,3,2
8184,4,2,3,2
8185,1,3,2,1
8185,4,3,2,2
8186,1,3,2,2
8186,4,3,2,1
8187,1,1,3,2
8187,4,1,3,2
8188,1,3,2,2
8188,4,3,2,1
8189,1,3,2,1
8189,4,3,2,2
8190,1,1,1,2
8190,4,1,1,2
8191,1,3,2,2
8191,4,3,2,1
8192,1,3,2,2
8192,4,3,2,1
8193,1,2,3,1
8193,4,2,3,1
8194,1,2,3,1
8194,4,2,3,1
8195,1,1,1,2
8195,4,1,1,2
8196,1,1,1,1
8196,4,1,1,1
8197,1,2,1,1
8197,4,2,1,1
8198,1,3,2,1
8198,4,3,2,2
8199,1,2,3,1
8199,4,2,3,1
8200,1,2,3,1
8200,4,2,3,1
8201,1,1,3,2
8201,4,1,3,2
8202,1,1,3,2
8202,4,1,3,2
8203,1,3,2,1
8203,4,3,2,2
8204,1,2,3,2
8204,4,2,3,2
8205,1,2,3,1
8205,4,2,3,1
8206,1,3,2,1
8206,4,3,2,2
8207,1,1,3,1
8207,4,1,3,1
8208,1,3,2,1
8208,4,3,2,2
8209,1,3,2,1
8209,4,3,2,2
8210,1,3,2,1
8210,4,3,2,2
8211,1,3,2,2
8211,4,3,2,1
8212,1,3,2,1
8212,4,3,2,2
8213,1,1,3,1
8213,4,1,3,1
8214,1,3,2,1
8214,4,3,2,2
8215,1,3,2,2
8215,4,3,2,1
8216,1,2,1,1
8216,4,2,1,1
8217,1,3,2,2
8217,4,3,2,1
8218,1,2,3,1
8218,4,2,3,1
8219,1,3,2,2
8219,4,3,2,1
8220,1,2,3,2
8220,4,2,3,2
8221,1,2,3,1
8221,4,2,3,1
8222,1,3,2,2
8222,4,3,2,1
8223,1,3,2,1
8223,4,3,2,2
8224,1,3,2,1
8224,4,3,2,2
8225,1,1,1,1
8225,4,1,1,1
8226,1,2,3,2
8226,4,2,3,2
8227,1,2,3,2
8227,4,2,3,2
8228,1,2,1,1
8228,4,2,1,1
8229,1,2,3,2
8229,4,2,3,2
8230,1,2,3,2
8230,4,2,3,2
8231,1,3,2,2
8231,4,3,2,1
8232,1,1,3,1
8232,4,1,3,1
8233,1,2,3,2
8233,4,2,3,2
8234,1,2,3,1
8234,4,2,3,1
8235,1,1,3,1
8235,4,1,3,1
8236,1,3,2,1
8236,4,3,2,2
8237,1,1,3,2
8237,4,1,3,2
8238,1,3,2,1
8238,4,3,2,2
8239,1,1,1,1
8239,4,1,1,1
8240,1,3,2,1
8240,4,3,2,2
8241,1,3,2,2
8241,4,3,2,1
8242,1,2,3,1
8242,4,2,3,1
8243,1,2,3,1
8243,4,2,3,1
8244,1,2,1,2
8244,4,2,1,2
8245,1,3,2,1
8245,4,3,2,2
8246,1,3,2,1
8246,4,3,2,2
8247,1,3,2,2
8247,4,3,2,1
8248,1,2,3,1
8248,4,2,3,1
8249,1,2,3,2
8249,4,2,3,2
8250,1,3,2,1
8250,4,3,2,2
8251,1,2,3,1
8251,4,2,3,1
8252,1,1,3,1
8252,4,1,3,1
8253,1,2,3,2
8253,4,2,3,2
8254,1,3,2,2
8254,4,3,2,1
8255,1,2,3,2
8255,4,2,3,2
8256,1,2,1,2
8256,4,2,1,2
8257,1,3,2,2
8257,4,3,2,1
8258,1,1,1,2
8258,4,1,1,2
8259,1,1,1,2
8259,4,1,1,2
8260,1,2,3,2
8260,4,2,3,2
8261,1,1,3,2
8261,4,1,3,2
8262,1,3,2,1
8262,4,3,2,2
8263,1,2,1,1
8263,4,2,1,1
8264,1,2,3,2
8264,4,2,3,2
8265,1,1,3,1
8265,4,1,3,1
8266,1,2,1,1
8266,4,2,1,1
8267,1,2,1,2
8267,4,2,1,2
8268,1,2,1,2
8268,4,2,1,2
8269,1,3,2,2
8269,4,3,2,1
8270,1,2,8,2
8270,4,2,8,2
8271,1,3,2,2
8271,4,3,2,1
8272,1,2,4,1
8272,4,2,4,1
8273,1,2,3,1
8273,4,2,3,1
8274,1,3,2,1
8274,4,3,2,2
8275,1,1,3,1
8275,4,1,3,1
8276,1,1,1,2
8276,4,1,1,2
8277,1,3,2,1
8277,4,3,2,2
8278,1,3,2,2
8278,4,3,2,1
8279,1, , ,1
8279,4, , ,1
8280,1,1,1,1
8280,4,1,1,1
8281,1, , ,1
8281,4, , ,1
8282,1,2,3,1
8282,4,2,3,1
8283,1,3,2,1
8283,4,3,2,2
8284,1,2,4,2
8284,4,2,4,2
8286,1,3,2,2
8286,4,3,2,1
8287,1,2,3,1
8287,4,2,3,1
8288,1,1,4,2
8288,4,1,4,2
8289,1, , ,2
8289,4, , ,2
8290,1, , ,2
8290,4, , ,2
8291,1,2,8,1
8291,4,2,8,1
8292,1,2,9,1
8292,4,2,9,1
8293,1,2,8,1
8293,4,2,8,1
8294,1,2,3,2
8294,4,2,3,2
8295,1,3,2,2
8295,4,3,2,1
8296,1,2,8,1
8296,4,2,8,1
8297,1, , ,2
8297,4, , ,2
8298,1,2,3,2
8298,4,2,3,2
8299,1,2,3,2
8299,4,2,3,2
8300,1,1,3,2
8300,4,1,3,2
8301,1,3,2,1
8301,4,3,2,2
8302,1,3,2,2
8302,4,3,2,1
8303,1,3,2,1
8303,4,3,2,2
8304,1,1,3,2
8304,4,1,3,2
8305,1,2,3,2
8305,4,2,3,2
8306,1,2,3,2
8306,4,2,3,2
8307,1,1,3,2
8307,4,1,3,2
8308,1,2,3,1
8308,4,2,3,1
8309,1,3,2,1
8309,4,3,2,2
8310,1,3,2,2
8310,4,3,2,1
8311,1,2,3,2
8311,4,2,3,2
8312,1,3,2,1
8312,4,3,2,2
8313,1,1,3,2
8313,4,1,3,2
8314,1,2,4,2
8314,4,2,4,2
8315,1,1,4,2
8315,4,1,4,2
8316,1,3,2,1
8316,4,3,2,2
8317,1, , ,1
8317,4, , ,1
8318,1,2,4,1
8318,4,2,4,1
8319,1,1,4,1
8319,4,1,4,1
8320,1,3,2,2
8320,4,3,2,1
8321,1,3,2,1
8321,4,3,2,2
8322,1,1,4,1
8322,4,1,4,1
8323,1,2,4,1
8323,4,2,4,1
8324,1,1,3,1
8324,4,1,3,1
8325,1,3,2,1
8325,4,3,2,2
8326,1,2,4,2
8326,4,2,4,2
8327,1, , ,1
8327,4, , ,1
8328,1,1,4,1
8328,4,1,4,1
8329,1, , ,1
8329,4, , ,1
8330,1,2,4,1
8330,4,2,4,1
8331,1, , ,2
8331,4, , ,2
8332,1,2,3,1
8332,4,2,3,1
8333,1,2,4,2
8333,4,2,4,2
8334,1,3,2,1
8334,4,3,2,2
8335,1,2,4,1
8335,4,2,4,1
8337,1,3, ,2
8337,4,3, ,1
8338,1, , ,1
8338,4, , ,1
8339,1,1,4,1
8339,4,1,4,1
8340,1,1,4,2
8340,4,1,4,2
8341,1,3, ,2
8341,4,3, ,1
8342,1,3,2,1
8342,4,3,2,2
8343,1, , ,2
8343,4, , ,2
9991,1, , ,2
9991,4, , ,2
11000,1,2,11,1
11000,4,2,11,1
11001,1,2,1,1
11001,4,2,1,1
11002,1,2,4,1
11002,4,2,4,1
11003,1,1,1,1
11003,4,1,1,1
11004,1,2,1,1
11004,4,2,1,1
11005,1,3,2,1
11005,4,3,2,2
11006,1,3,2,1
11006,4,3,2,2
11007,1,1,1,2
11007,4,1,1,2
11008,1,1,1,2
11008,4,1,1,2
11009,1,2,1,2
11009,4,2,1,2
11010,1,3,2,2
11010,4,3,2,1
11011,1,2,1,1
11011,4,2,1,1
11012,1,1,1,2
11012,4,1,1,2
11013,1,3,2,1
11013,4,3,2,2
11014,1,3,2,1
11014,4,3,2,2
11015,1,2,1,2
11015,4,2,1,2
11017,1,2,4,2
11017,4,2,4,2
11018,1,2,4,1
11018,4,2,4,1
11021,1,2,1,1
11021,4,2,1,1
11024,1,2,1,1
11024,4,2,1,1
11025,1,2,1,1
11025,4,2,1,1
11026,1,1,1,2
11026,4,1,1,2
11027,1,3,1,1
11027,4,3,1,2
11028,1,3,2,2
11028,4,3,2,1
11029,1,1,1,2
11029,4,1,1,2
11030,1,2,4,2
11030,4,2,4,2
11031,1,2,1,1
11031,4,2,1,1
11032,1,2,1,2
11032,4,2,1,2
11033,1,3,2,2
11033,4,3,2,1
11034,1,3,2,1
11034,4,3,2,2
11035,1,3,2,1
11035,4,3,2,2
11036,1,3,2,2
11036,4,3,2,1
11037,1,2,1,1
11037,4,2,1,1
11038,1,3,2,2
11038,4,3,2,1
11039,1,2,4,1
11039,4,2,4,1
11040,1,2,1,1
11040,4,2,1,1
11041,1,3,2,1
11041,4,3,2,2
11042,1,2,1,2
11042,4,2,1,2
11043,1,2,1,2
11043,4,2,1,2
11044,1,1,1,2
11044,4,1,1,2
11045,1,2,1,1
11045,4,2,1,1
11046,1,2,1,1
11046,4,2,1,1
11047,1,1,1,2
11047,4,1,1,2
11048,1,2,1,1
11048,4,2,1,1
11049,1,1,1,1
11049,4,1,1,1
11050,1,3,2,1
11050,4,3,2,2
11051,1,2,4,1
11051,4,2,4,1
11052,1,2,4,1
11052,4,2,4,1
11053,1,2,4,1
11053,4,2,4,1
11054,1,2,8,1
11054,4,2,8,1
11056,1,2,1,2
11056,4,2,1,2
11057,1,2,1,2
11057,4,2,1,2
11058,1,2,1,2
11058,4,2,1,2
11059,1,3,2,1
11059,4,3,2,2
11060,1,1,4,1
11060,4,1,4,1
11061,1,3,2,1
11061,4,3,2,2
11062,1,1,4,1
11062,4,1,4,1
11063,1,1,4,2
11063,4,1,4,2
11064,1,1,1,1
11064,4,1,1,1
11065,1,2,1,1
11065,4,2,1,1
11066,1,2,10,1
11066,4,2,10,1
11067,1, , ,1
11067,4, , ,2