Participant,isOut,AGE,gender,BFI1,BFI2,BFI3,BFI4,BFI5,BFI6,BFI7,BFI8,BFI9,BFI10,BFI11,BFI12,BFI13,BFI14,BFI15,BFI16,BFI17,BFI18,BFI19,BFI20,BFI21,BFI22,BFI23,BFI24,BFI25,BFI26,BFI27,BFI28,BFI29,BFI30,BFI31,BFI32,BFI33,BFI34,BFI35,BFI36,BFI37,BFI38,BFI39,BFI40,BFI41,BFI42,BFI43,BFI44,EMPQ1,EMPQ2,EMPQ3,EMPQ4,EMPQ5,EMPQ6,EMPQ7,EMPQ8,EMPQ9,EMPQ10,EMPQ11,EMPQ12,EMPQ13,EMPQ14,EMPQ15,EMPQ16,EMPQ17,EMPQ18,EMPQ19,EMPQ20,EMPQ21,EMPQ22,EMPQ23,EMPQ24,EMPQ25,EMPQ26,EmpQ1_Rev,EmpQ6_Rev,EmpQ7_Rev,EmpQ9_Rev,EmpQ10_Rev,EmpQ15_Rev,EmpQ20_Rev,EmpQ22_Rev,EmpQ23_Rev,EmpQ24_Rev,EmpQ25_Rev,EMPQ_emotional,EMPQ_cognitive
1,1,9.367123288,2,4,2,3,3,4,3,4,4,3,5,5,2,4,4,4,3,3,4,4,5,2,4,3,3,3,3,2,3,3,3,3,4,2,2,2,4,1,2,3,4,3,4,5,3,3,3,3,4,3,3,3,4,2,3,4,4,4,3,3,4,3,3,3,2,4,3,2,3,4,4,3,3,3,4,3,3,4,3,4,3,2,3.272727273,3.444444444
2,1,10.9260274,2,3,3,4,2,3,4,4,3,4,3,3,1,4,4,3,3,4,2,3,3,4,4,3,3,2,4,3,3,2,4,4,4,3,4,4,4,1,4,2,3,3,3,2,2,3,3,3,3,3,3,3,3,2,3,3,3,3,3,3,4,3,3,3,3,3,3,4,4,3,3,3,3,3,4,3,3,3,3,2,2,3,3,2.888888889
3,0,12.71506849,2,4,2,4,1,4,3,4,3,4,5,4,2,4,4,4,3,4,1,5,5,4,5,2,4,4,3,1,3,1,4,5,4,4,3,4,5,2,4,4,3,3,4,3,3,1,4,4,4,4,2,2,4,1,1,4,5,5,3,1,4,4,4,4,2,4,2,2,2,1,5,5,4,4,5,5,5,4,4,4,4,5,4.363636364,4
4,0,12.93972603,1,4,2,3,1,3,2,4,4,3,5,4,3,5,4,3,4,3,4,3,4,4,4,5,3,3,4,3,2,3,5,5,4,3,2,3,3,4,2,4,4,5,4,3,4,3,4,5,4,3,3,3,4,2,1,4,4,1,3,4,4,2,4,3,2,4,2,1,2,2,3,3,3,3,4,5,2,4,4,5,4,4,3.090909091,4
5,0,13.03013699,1,4,2,3,2,5,3,4,2,2,5,3,2,5,4,5,3,3,2,4,5,3,4,3,3,5,3,3,3,2,4,4,4,4,2,3,4,1,4,2,4,2,4,3,5,4,4,4,3,4,2,2,4,2,2,4,4,5,4,2,4,2,4,2,2,4,2,2,2,2,4,2,4,4,4,4,4,4,4,4,4,4,3.454545455,4
6,0,13.26027397,1,3,2,5,2,5,3,5,2,3,5,5,3,5,5,5,5,3,1,5,5,3,2,2,2,4,5,3,5,4,4,5,5,5,2,4,5,4,5,5,5,4,4,4,3,1,5,5,2,5,2,1,4,3,2,4,5,4,4,3,5,4,4,4,1,4,3,1,1,2,5,5,4,5,3,4,3,5,3,5,5,4,4.181818182,4.555555556
7,0,13.33150685,5,5,1,4,1,5,4,5,1,3,4,5,1,5,4,4,5,4,2,4,4,2,5,3,3,4,4,2,4,2,4,4,4,4,3,4,5,2,3,4,3,4,4,3,3,4,3,4,4,2,3,1,3,3,3,3,4,4,2,2,4,4,4,3,2,3,4,3,2,2,4,2,3,5,3,3,4,4,2,3,4,4,3.454545455,3.444444444
8,0,13.3890411,2,3,2,5,3,5,4,5,2,4,4,4,2,5,4,3,4,4,2,4,5,3,4,2,3,5,4,4,5,3,5,4,4,4,3,4,3,3,4,2,4,2,4,3,4,3,4,4,4,4,3,2,3,2,2,4,3,4,4,3,4,2,4,3,2,4,2,3,2,2,4,3,3,4,4,4,3,4,4,3,4,4,3.545454545,3.666666667
9,0,13.43561644,1,5,3,4,1,5,4,4,3,3,4,5,2,5,4,3,5,3,2,3,5,1,4,3,4,3,3,1,5,1,3,2,3,3,1,4,5,1,4,5,5,3,4,5,2,3,2,5,4,3,3,4,2,4,4,4,3,4,2,4,4,4,3,2,3,3,4,3,2,3,4,3,3,2,2,2,2,3,2,3,4,3,2.818181818,3.444444444
10,0,13.5,1,3,3,4,1,4,4,5,2,3,4,4,1,5,4,4,3,5,2,4,3,2,4,2,3,4,3,2,4,3,3,3,4,4,3,4,5,2,4,2,4,3,5,3,3,2,5,5,4,4,2,2,4,2,2,3,4,3,3,2,4,4,4,3,2,4,2,2,2,2,4,4,4,4,4,4,4,4,4,4,4,4,3.909090909,3.888888889
11,0,13.56986301,2,2,1,5,1,4,4,5,2,4,4,5,1,5,3,5,3,4,2,3,2,4,5,1,4,5,4,1,5,1,4,4,4,5,3,4,5,2,3,4,2,2,4,1,3,3,4,4,1,4,2,3,4,3,2,4,3,2,3,2,4,1,4,2,3,4,2,2,2,1,3,3,4,3,3,4,4,3,4,4,4,5,2.818181818,3.777777778
12,0,13.59178082,1,4,3,4,1,4,4,5,2,4,5,3,1,5,3,4,4,4,2,3,2,2,4,2,5,4,5,2,5,2,4,1,5,4,5,3,4,3,4,2,4,2,3,1,3,1,4,5,1,2,2,2,4,1,1,4,4,3,4,2,4,2,4,2,2,3,2,1,2,2,3,5,4,4,5,5,4,4,4,5,4,4,3.272727273,4.222222222
13,0,13.67123288,1,4,4,4,1,5,1,5,4,1,4,5,1,4,5,4,2,4,2,5,5,2,5,1,2,4,5,2,4,2,2,4,5,4,1,5,5,2,4,2,4,4,5,4,2,2,4,4,4,2,4,3,3,3,2,4,3,5,3,2,5,4,4,2,2,5,3,1,2,2,4,4,2,3,3,4,4,4,3,5,4,4,3.636363636,3.777777778
14,0,13.67123288,2,5,2,5,1,4,4,4,4,5,5,4,4,5,2,5,4,3,5,2,4,1,3,4,5,5,5,3,5,1,4,3,3,5,5,1,4,4,5,4,4,4,5,3,4,5,5,5,1,3,1,2,4,3,3,4,5,1,5,3,5,1,4,3,2,5,2,1,1,2,4,1,5,4,3,3,3,4,4,5,5,4,2.636363636,4.777777778
15,0,13.76438356,2,5,4,3,1,4,2,3,2,2,4,3,4,5,5,4,3,3,5,5,3,1,4,4,3,4,5,3,4,4,4,2,3,4,4,4,5,5,3,5,4,4,3,4,3,3,2,3,3,1,3,4,3,4,3,3,3,5,2,3,4,3,4,2,3,3,3,3,3,3,3,3,3,2,2,3,3,3,3,3,3,3,2.727272727,3.111111111
16,0,13.8,1,3,1,2,1,3,2,5,3,4,4,5,1,4,4,4,4,3,1,2,3,2,2,1,4,2,4,1,1,1,4,2,5,4,4,3,5,1,1,1,3,4,4,2,4,1,1,5,1,2,1,3,4,1,3,4,4,4,4,1,4,1,4,2,3,4,3,1,1,2,4,5,5,3,5,3,5,3,3,5,5,4,2.727272727,4.444444444
17,0,13.84931507,1,4,2,4,3,5,4,5,1,3,5,4,1,4,4,4,4,5,2,5,5,3,4,2,3,4,4,3,5,4,4,5,5,4,4,5,2,3,4,4,4,4,5,2,3,1,4,5,4,3,4,2,4,2,1,5,4,3,4,2,5,4,5,3,2,4,2,1,1,5,4,5,2,4,4,5,4,4,4,5,5,1,3.909090909,4.444444444
18,0,13.92328767,2,3,3,3,3,4,3,4,4,2,4,2,2,3,4,4,3,4,4,4,4,3,4,5,2,3,2,4,4,4,5,5,4,2,1,4,3,3,3,4,4,3,3,5,3,2,3,4,3,4,2,3,3,3,2,4,4,3,3,2,4,3,3,4,3,3,3,2,0,1,4,4,4,3,3,4,4,3,3,4, ,5,3.454545455,3.75
19,0,13.95068493,2,3,3,3,3,2,2,3,3,3,2,2,3,3,2,2,4,4,4,4,3,3,3,3,4,3,3,3,2,2,2,2,4,3,4,3,4,3,2,3,4,3,3,3,3,3,3,4,3,4,3,3,3,3,3,3,4,4,3,3,3,3,3,4,3,3,4,3,3,3,3,3,3,3,3,3,3,3,2,3,3,3,3.272727273,3.222222222
20,0,13.96986301,1,2,3,3,3,4,4,3,2,3,5,5,2,5,4,5,5,2,4,3,4,4,4,3,4,4,5,5,3,4,3,2,3,4,2,2,4,4,4,4,4,3,3,2,2,3,3,5,3,3,3,3,2,3,3,3,3,3,3,3,4,3,3,2,3,4,3,3,3,3,3,3,3,3,3,3,3,3,3,3,3,3,2.909090909,3.333333333
21,0,14.01643836,2,5,1,5,1,5,3,5,1,4,5,5,4,5,4,5,5,5,5,5,5,4,5,1,1,5,5,2,5,4,4,5,5,5,4,3,5,3,5,5,4,5,4,4,5,1,5,5,4,4,1,1,4,1,1,5,5,2,5,2,5,4,5,4,1,4,2,1,1,0,4,5,5,5,5,5,4,5,4,5,5, ,4.272727273,5
22,0,14.02739726,1,5,4,4,4,5,3,2,2,3,4,3,2,3,4,5,2,2,2,5,5,4,3,3,1,4,2,4,4,5,4,5,2,5,2,4,2,3,4,3,5,4,2,3,2,3,4,4,4,3,2,4,2,3,3,4,3,4,2,4,2,3,3,2,3,3,4,3,2,4,1,3,4,2,3,3,2,3,2,3,4,2,3,3.222222222
23,0,14.03561644,2,4,2,3,1,4,3,4,3,4,4,4,1,4,3,4,2,5,2,2,4,3,4,3,4,4,3,1,3,2,4,4,4,4,4,4,4,1,4,2,4,3,3,2,2,4,4,5,5,5,2,3,4,2,1,4,5,5,4,2,5,4,4,3,1,4,5,2,1,1,5,2,4,3,4,5,4,5,1,4,5,5,4.090909091,4.444444444
24,0,14.09315068,1,5,5,5,3,4,5,5,4,3,5,4,1,4,5,4,5,3,3,5,5,2,3,4,2,4,4,1,4,3,4,1,4,4,2,2,4,1,4,1,4,5,4,5,5,3,3,4,2,4,2,3,4,3,1,3,4,3,3,4,4,3,3,3,3,4,3,4,3,1,5,3,4,3,3,5,2,3,3,2,3,5,3.090909091,3.333333333
25,0,14.09863014,2,4,2,3,1,3,1,3,5,1,3,3,1,5,1,3,3,4,5,3,3,1,5,5,3,2,5,3,1,1,5,1,5,4,1,5,5,4,2,5,1,3,3,5,2,1,3,5,5,1,1,1,4,1,1,4,5,5,5,2,5,1,5,2,2,5,3,1,1,1,5,5,5,5,5,5,4,4,3,5,5,5,3.636363636,4.888888889
26,0,14.17534247,2,5,3,2,4,3,2,5,5,1,5,5,2,5,5,2,5,5,4,4,5,1,3,5,2,2,4,4,2,4,2,4,5,3,2,3,5,5,3,5,2,2,5,5,5,5,5,4,1,5,3,1,5,3,1,5,3,5,5,3,5,2,5,5,1,4,3,2,2,4,5,1,3,5,3,5,3,5,3,4,4,2,3.818181818,4.222222222
27,0,14.2109589,1,4,3,3,1,5,4,5,3,4,5,5,1,5,4,5,5,4,3,4,5,2,5,1,4,5,5,1,5,3,4,3,5,5,3,4,5,3,5,3,4,3,5,4,3,3,3,4,2,3,2,2,2,2,2,4,4,3,0,3,3,2,4,4,3,5,2,4,2,1,4,3,4,4,4,4,3,3,4,2,4,5,3.090909091,3.625
28,0,14.21369863,1,5,1,3,1,5,2,5,4,2,5,5,2,4,4,3,3,5,5,3,5,1,5,4,1,5,3,1,2,1,3,3,4,3,1,2,5,3,3,4,5,3,4,5,4,5,5,4,4,4,2,1,2,3,2,4,3,5,3,2,5,4,4,5,2,4,4,2,1,2,3,1,4,5,3,4,4,4,2,4,5,4,4.090909091,4
29,0,14.22465753,1,4,2,4,1,4,3,5,3,3,5,5,2,5,1,4,4,5,4,2,5,2,4,4,4,5,5,1,4,2,4,3,4,4,3,4,5,2,4,4,5,5,5,4,4,4,2,4,2,2,2,2,3,4,1,4,3,2,4,2,4,2,4,2,2,4,2,2,2,1,4,2,4,4,2,5,4,4,4,4,4,5,2.818181818,3.888888889
30,0,14.22465753,2,3,2,4,2,4,2,3,2,3,5,4,2,4,4,4,4,3,2,3,5,3,3,2,3,5,3,3,4,3,4,4,4,4,3,4,4,1,4,4,4,2,4,2,4,2,3,4,2,2,3,3,3,3,3,4,4,2,4,3,4,2,4,2,4,4,4,2,2,2,4,4,3,3,3,3,3,2,2,4,4,4,2.545454545,3.888888889
31,0,14.25205479,2,4,2,3,1,4,3,5,3,4,4,5,1,4,2,4,3,3,2,3,4,3,4,3,2,2,4,4,3,3,4,2,4,4,5,4,5,2,3,3,4,1,3,2,4,2,4,5,3,2,2,2,4,2,3,3,4,2,4,4,4,2,4,4,2,4,3,1,1,4,4,4,4,4,4,3,2,4,3,5,5,2,3.090909091,4.222222222
32,0,14.54520548,2,5,2,5,4,5,3,4,4,4,5,5,1,4,5,4,4,4,1,4,5,2,1,2,2,5,4,2,4,4,4,2,4,4,4,4,5,2,4,4,5,2,3,5,5,1,4,5,5,5,2,1,5,5,1,5,4,5,4,2,4,2,4,3,2,4,1,2,2,2,4,5,4,5,1,5,4,4,5,4,4,4,4.272727273,4.222222222
33,0,14.55068493,2,4,3,4,3,5,5,4,4,5,4,3,1,5,4,4,4,3,2,5,5,4,4,3,3,3,5,5,4,4,4,5,4,3,4,1,4,4,4,4,4,2,2,5,5,1,5,5,3,3,2,1,4,2,1,4,4,5,4,3,4,3,4,3,1,4,2,1,2,2,3,5,4,5,4,5,3,5,4,5,4,4,4.090909091,4.222222222
34,0,14.69041096,1,4,3,5,2,4,3,4,4,4,4,3,2,4,3,4,4,3,4,4,4,4,4,4,4,4,4,2,4,2,3,4,4,4,4,4,5,2,4,2,3,3,4,2,3,3,4,4,4,4,4,4,4,4,4,4,4,4,4,4,4,4,4,4,4,4,4,4,4,4,4,3,2,2,2,2,2,2,2,2,2,2,3.181818182,3.333333333
35,0,14.78630137,1,3,3,4,2,3,5,4,4,4,3,4,1,4,5,4,4,5,2,4,4,4,4,3,4,2,4,1,3,3,4,4,4,3,4,4,4,2,4,1,3,4,4,5,2,2,3,4,4,5,1,1,3,2,1,4,5,3,4,2,5,3,5,3,3,4,4,1,1,1,4,4,5,5,4,5,4,3,2,5,5,5,3.818181818,4.666666667
36,0,14.88219178,2,3,4,3,3,4,2,4,2,3,3,2,3,2,3,2,3,2,4,2,4,3,3,4,4,2,4,2,3,4,2,4,3,4,3,4,3,4,2,3,2,4,3,2,4,4,3,4,4,2,4,2,4,3,2,4,3,4,3,4,2,4,3,3,4,2,4,3,4,3,4,2,2,4,3,4,2,2,2,3,2,3,3.090909091,2.888888889
37,0,14.95342466,1,3,3,4,1,5,2,4,3,4,5,3,3,5,1,5,4,5,2,2,5,3,4,2,5,5,4,2,4,2,3,3,3,5,5,1,4,3,5,4,5,5,4,2,1,5,2,5,1,2,5,2,3,3,5,3,4,1,2,4,4,1,5,2,5,4,3,3,2,2,3,1,1,4,3,1,2,1,3,3,4,4,1.636363636,3.444444444
38,0,14.96986301,2,4,4,3,2,3,2,1,1,2,5,3,3,4,5,3,3,1,2,5,4,2,4,3,2,2,4,4,3,4,5,3,3,3,2,2,4,2,3,4,4,2,3,2,3,4,4,4,5,4,2,1,3,2,2,4,4,5,5,1,4,2,4,3,2,5,2,2,1,1,4,2,4,5,4,4,5,4,4,4,5,5,3.909090909,4.222222222
39,0,14.9890411,1,3,3,3,3,3,3,4,4,3,3,3,2,3,4,4,3,4,4,3,3,3,3,3,3,3,3,3,3,3,3,3,3,3,3,3,3,3,3,3,3,3,3,3,3,3,3,3,3,3,3,3,3,3,3,3,3,3,3,3,3,3,3,3,3,3,3,3,3,3,3,3,3,3,3,3,3,3,3,3,3,3,3,3
40,0,15.03287671,1,1,2,3,2,4,4,4,4,4,5,3,2,4,3,5,3,4,4,3,4,4,4,4,4,4,3,4,5,3,1,4,4,4,5,4,4,3,3,3,4,5,4,2,1,3,4,4,2,2,3,3,4,2,3,3,2,3,3,3,4,3,4,2,3,3,4,4,2,4,3,3,3,3,4,3,3,3,2,2,4,2,2.818181818,3.222222222
41,0,15.43287671,1,3,4,4,2,3,5,5,2,4,5,3,1,5,5,3,1,5,5,5,4,5,5,3,2,3,3,4,3,5,4,5,5,4,4,3,4,3,2,1,5,1,4,2,4,1,5,5,5,5,2,1,5,2,1,5,5,5,5,1,5,4,5,5,1,5,2,1,2,1,5,5,4,5,4,5,5,5,4,5,4,5,4.909090909,4.777777778
42,0,15.43287671,1,4,2,4,1,4,3,5,1,3,4,5,1,5,2,3,4,3,4,3,4,2,4,3,4,4,3,1,3,2,1,2,3,4,4,4,4,2,3,3,4,4,4,4,1,2,2,4,2,2,2,3,3,3,3,3,2,1,1,4,3,1,3,3,3,3,3,2,2,3,1,4,4,3,3,3,2,3,3,4,4,3,2.363636364,3.111111111
43,0,15.4630137,2,3,2,4,1,4,4,4,2,2,4,4,2,4,5,4,4,4,1,5,3,5,4,4,4,4,3,3,4,3,4,5,4,4,3,4,4,3,4,3,3,4,4,3,4,2,4,4,4,4,3,2,4,3,2,4,4,4,4,2,4,4,4,4,3,4,2,2,2,4,4,4,3,4,3,4,4,3,4,4,4,2,3.909090909,3.888888889
44,0,15.50136986,2,4,3,3,1,5,3,4,4,3,4,4,3,4,3,3,4,4,4,3,5,2,4,2,1,4,2,2,3,2,4,4,5,3,4,2,4,4,3,3,5,2,4,4,4,2,4,4,4,5,2,1,5,1,1,4,4,5,4,2,4,3,4,4,2,4,2,2,2,2,5,4,4,5,5,5,4,4,4,4,4,4,4.272727273,4
45,0,15.50136986,2,4,4,3,2,3,3,4,4,3,3,3,2,3,3,3,3,4,3,2,3,3,4,4,4,3,3,3,3,4,4,4,4,3,3,3,4,2,3,3,4,3,3,4,3,2,4,4,4,4,3,2,3,2,2,4,4,4,4,3,4,3,4,3,2,4,3,2,2,3,4,4,3,4,4,4,3,4,3,4,4,3,3.727272727,3.888888889
46,0,15.54246575,2,4,4,4,2,4,3,3,2,5,5,5,3,5,4,5,3,2,2,2,3,3,1,3,4,3,5,5,4,3,4,3,3,4,5,5,3,4,4,5,4,2,3,3,3,3,2,5,2,1,4,4,2,3,4,2,4,3,2,4,4,2,4,1,3,2,4,3,1,4,3,3,2,2,3,2,2,3,2,3,5,2,2.090909091,3.444444444
47,0,15.5890411,1,4,4,5,3,4,4,5,3,5,5,2,4,5,5,4,2,2,5,5,4,5,5,4,4,4,4,5,5,4,3,4,4,5,5,5,4,4,3,5,3,4,4,5,3,2,4,4,1,4,2,4,4,4,2,3,3,1,4,3,4,2,3,3,2,4,2,2,2,1,5,4,4,2,2,4,3,4,4,4,4,5,2.909090909,3.666666667
48,0,15.67671233,2,4,1,5,2,4,3,5,2,4,4,5,1,5,4,5,4,5,1,5,5,3,4,3,2,3,4,4,5,3,5,4,5,4,3,4,5,2,5,3,4,3,5,2,3,5,5,5,4,4,4,2,3,1,1,4,3,5,5,3,5,4,5,4,1,5,1,1,2,1,5,1,2,4,5,5,3,5,5,5,4,5,4,4.222222222
49,0,15.78630137,2,4,3,3,3,1,3,5,4,4,4,5,5,5,5,4,5,3,2,5,4,5,5,5,2,4,5,4,2,4,5,5,5,3,4,4,5,2,3,5,4,4,5,5,5,2,4,5,4,4,3,1,4,3,2,5,4,5,4,3,5,2,5,4,2,5,3,2,1,1,5,4,3,5,3,4,3,4,3,4,5,5,3.909090909,4.444444444
50,0,15.80273973,2,2,2,3,1,5,4,4,2,3,3,2,1,4,4,5,5,4,4,3,3,3,4,4,4,4,4,4,3,2,5,3,4,4,4,2,4,1,3,2,4,1,4,4,4,3,3,4,4,4,2,2,2,1,1,3,4,3,3,2,4,4,4,4,2,4,2,2,2,2,4,3,4,4,5,5,4,4,4,4,4,4,3.818181818,3.777777778
51,0,15.85753425,1,4,3,4,1,4,3,4,3,3,4,4,1,5,1,4,3,4,3,3,4,1,3,3,3,3,4,1,4,1,3,1,4,4,4,3,4,4,5,3,3,4,3,1,1,4,3,4,1,1,3,4,3,4,4,3,4,1,4,3,5,1,4,1,4,3,4,1,1,3,3,2,3,2,2,2,3,2,2,5,5,3,1.727272727,4.111111111
52,0,15.89315068,1,3,1,5,1,5,5,5,1,4,5,5,1,5,3,5,5,5,1,3,5,3,5,1,3,5,5,1,5,1,5,3,5,5,3,3,5,1,5,1,4,1,5,1,5,3,3,4,1,2,1,1,3,1,1,5,3,3,3,2,5,3,3,3,1,4,4,1,1,1,4,3,5,5,5,5,4,5,2,5,5,5,3.363636364,4.222222222
53,0,15.92054795,1,3,4,2,1,4,3,3,4,2,4,3,4,4,3,4,3,2,4,3,5,3,4,4,3,4,4,3,2,4,4,2,4,4,3,4,4,3,3,4,4,3,4,4,5,2,3,4,3,2,2,3,4,4,3,3,3,2,4,2,4,2,4,3,2,3,3,2,2,3,3,4,4,3,2,3,4,4,3,4,4,3,3,3.777777778
54,0,15.97260274,2,5,3,4,1,4,3,4,3,4,4,4,2,4,3,5,5,4,2,3,4,2,4,4,3,3,4,4,4,3,4,3,4,4,3,5,5,2,5,3,4,4,5,4,5,3,4,4,4,3,4,3,3,3,3,3,4,4,4,2,5,3,4,3,3,3,2,2,2,2,3,3,2,3,3,3,4,3,4,4,4,4,3.363636364,3.777777778
55,0,16.0109589,2,2,3,4,3,4,3,5,2,4,4,5,1,5,5,3,4,5,4,3,3,4,5,4,1,3,4,1,4,4,5,4,5,4,3,3,5,1,3,1,3,1,5,2,5,1,4,5,4,4,2,2,3,2,1,5,4,5,4,2,5,3,5,3,1,4,2,1,1,3,4,5,4,4,4,5,4,5,4,5,5,3,4.181818182,4.666666667
56,0,16.02739726,1,4,3,4,1,4,4,4,2,4,3,5,2,1,2,4,4,3,2,4,4,3,4,2,3,4,3,2,3,3,3,5,4,4,2,3,5,5,3,1,3,3,4,4,4,3,3,4,2,4,3,3,3,4,3,4,3,2,3,4,2,4,3,2,2,2,4,2,4,2,1,3,3,3,2,3,2,4,2,4,2,4,2.909090909,3.111111111
57,0,16.04109589,1,4,4,5,4,3,3,3,4,3,5,3,2,4,3,3,3,4,5,4,4,3,3,4,3,3,3,4,4,4,4,3,3,4,3,4,3,4,3,4,5,1,2,3,5,3,3,4,3,3,3,4,3,4,3,4,3,3,3,3,4,3,4,3,3,4,4,3,3,3,3,3,3,2,2,3,3,3,2,3,3,3,2.909090909,3.444444444
58,0,16.08767123,2,1,1,4,2,3,4,5,3,4,4,4,1,5,5,4,3,3,2,3,3,4,4,2,2,4,2,3,5,5,3,5,5,5,4,1,4,1,4,2,5,2,5,2,5,1,5,5,3,4,2,2,4,2,1,4,4,3,3,2,4,5,4,4,2,5,2,1,2,5,5,5,4,4,4,5,4,4,4,5,4,1,4.181818182,4.111111111
59,0,16.12328767,2,3,1,5,1,3,4,5,2,4,5,3,1,5,3,3,3,5,1,5,4,5,4,1,3,3,2,3,3,4,3,4,5,4,3,4,3,1,3,4,4,3,3,2,5,2,4,4,3,4,3,1,3,1,1,3,3,4,4,2,4,3,3,3,2,5,3,2,2,2,4,4,3,5,5,5,4,4,3,4,4,4,3.909090909,3.555555556
60,0,16.1890411,2,5,3,4,1,5,3,4,4,3,4,5,2,5,4,5,5,5,2,4,5,1,5,2,3,5,5,1,5,2,5,2,5,5,3,5,5,3,5,3,5,4,5,2,4,1,3,5,5,3,1,1,2,2,2,5,5,5,5,2,5,2,5,3,3,5,5,1,1,1,4,5,5,5,4,4,4,3,1,5,5,5,3.818181818,5
61,0,16.1890411,2,5,2,4,2,4,3,4,3,4,4,4,3,4,4,3,4,3,2,2,4,2,4,3,3,4,5,3,4,2,4,3,3,5,5,4,5,4,5,3,4,5,3,4,5,3,4,5,4,5,3,2,2,4,2,4,4,3,4,2,4,4,5,3,2,4,4,1,1,2,4,3,3,4,2,4,4,4,2,5,5,4,3.818181818,4.333333333
62,0,16.23561644,2,2,1,4,2,2,3,5,2,3,2,3,1,5,4,4,2,5,3,2,2,4,4,4,2,2,4,4,3,3,4,5,5,4,3,0,4,1,2,2,2,5,5,4,4,2,4,5,1,2,2,1,2,1,2,4,5,1,4,1,5,0,5,2,3,3,0,1,1,2,1,4,4,5,5,4,5,3, ,5,5,4,3.1,4.666666667
63,0,16.25479452,2,2,3,4,2,3,4,4,3,2,3,3,4,4,5,4,4,3,2,4,2,5,5,2,2,2,4,3,4,2,3,5,4,4,1,4,4,3,4,4,3,4,4,4,2,4,4,4,3,4,2,2,4,2,2,4,4,4,4,2,4,4,4,4,2,4,2,2,2,2,4,2,4,4,4,4,4,4,4,4,4,4,3.727272727,4
64,0,16.25479452,2,2,3,5,1,2,4,5,3,2,2,3,3,4,4,4,4,3,2,3,3,5,5,2,3,2,4,3,4,3,2,5,4,3,1,4,4,3,4,4,3,4,3,4,1,2,4,4,2,4,2,2,4,2,2,4,4,4,4,2,4,3,4,4,2,4,2,2,2,2,4,4,4,4,4,4,4,4,4,4,4,4,3.727272727,4
65,0,16.32876712,2,5,2,4,2,4,3,4,2,3,4,4,2,5,4,3,4,4,2,4,4,2,4,2,2,4,4,2,4,3,4,3,4,4,2,3,4,2,3,2,4,2,4,3,4,2,4,2,4,4,2,2,3,2,2,4,4,4,4,2,4,3,4,4,2,4,2,2,2,2,5,4,4,4,4,4,4,4,4,4,4,4,3.909090909,3.777777778
66,0,16.36438356,2,2,3,5,1,4,4,3,4,4,5,3,1,5,3,4,2,2,4,3,4,5,3,5,5,4,2,5,4,3,5,4,3,3,4,3,3,4,2,3,4,1,2,3,3,2,3,3,4,2,2,1,3,4,3,2,4,5,4,2,4,1,4,1,3,2,3,2,1,4,2,4,4,5,2,3,4,3,3,4,5,2,3.181818182,3.777777778
67,0,16.45479452,2,4,5,4,2,4,3,5,2,5,5,5,1,5,5,4,4,5,3,4,5,2,5,3,2,4,5,4,4,5,4,2,5,4,5,1,5,5,3,5,3,1,4,3,4,4,2,5,1,4,1,2,5,3,2,3,4,5,4,3,4,4,4,2,5,5,5,2,2,2,4,2,5,4,3,4,3,1,1,4,4,4,2.909090909,4.111111111
68,0,16.56986301,2,2,2,4,1,3,4,5,3,3,5,4,2,5,4,3,4,4,3,4,4,5,4,3,3,4,5,3,4,2,4,5,4,4,3,4,5,2,3,4,4,4,4,5,2,4,3,4,4,4,2,4,4,2,4,4,2,4,4,4,4,2,4,4,4,4,3,4,2,4,4,2,4,2,4,2,2,2,3,2,4,2,2.818181818,3.555555556
69,0,16.57260274,1,4,2,1,1,4,2,5,2,4,5,3,1,5,4,4,3,5,2,5,5,3,4,1,4,3,5,2,5,2,3,3,5,5,3,2,5,1,5,2,4,3,4,2,3,4,2,3,2,2,2,3,0,2,3,4,4,2,4,3,5,2,4,1,2,4,2,2,2,2,4,2,4,3,4,3,3,4,4,4,4,4,2.363636364,4
70,0,16.67945205,2,4,3,4,1,3,3,4,2,2,5,3,1,5,4,3,4,3,1,4,3,3,4,5,3,3,4,3,4,3,4,4,4,4,3,4,5,3,4,4,3,3,4,4,4,3,3,4,3,2,3,2,2,3,2,3,3,3,3,2,4,4,4,2,3,2,3,3,3,3,3,3,3,4,3,4,4,3,3,3,3,3,3.181818182,3.333333333
71,0,16.70684932,1,4,3,4,2,4,2,4,3,3,5,5,2,4,4,4,3,2,3,3,5,3,4,5,2,5,4,4,5,3,4,3,5,4,3,4,4,3,4,5,5,5,3,5,3,4,2,4,5,2,3,3,4,2,3,3,4,2,3,4,4,1,4,2,3,4,4,2,2,4,2,2,3,3,4,3,2,3,2,4,4,2,2.454545455,3.666666667
72,0,16.77808219,2,4,5,4,2,2,3,5,4,2,3,4,1,5,3,5,5,3,2,3,3,2,5,3,3,2,3,2,3,1,5,3,3,4,1,4,5,2,2,4,2,2,3,4,1,2,4,5,2,3,1,4,4,4,2,1,5,5,2,2,4,4,4,4,2,3,2,2,2,4,4,4,5,2,2,4,4,4,4,4,4,2,3.636363636,3.777777778
73,0,16.80547945,2,4,3,5,1,3,1,5,4,2,5,3,4,5,3,4,3,4,1,5,4,2,4,2,1,2,5,1,5,3,1,4,4,5,3,5,4,4,5,3,3,3,3,5,1,1,5,5,2,3,1,3,4,1,1,4,5,4,5,3,5,3,5,4,1,3,3,1,1,3,4,5,5,3,5,5,3,5,3,5,5,3,3.818181818,4.888888889
74,0,16.97534247,2,3,2,5,1,4,4,5,2,3,5,5,1,5,5,4,4,5,4,5,5,4,5,4,2,4,4,3,5,3,5,4,5,5,1,4,5,2,5,4,4,1,4,5,3,3,4,5,4,4,3,2,3,2,2,3,4,4,4,2,4,3,4,4,2,4,3,2,2,4,4,3,3,4,4,4,4,4,3,4,4,2,3.818181818,3.888888889
75,0,17,1,2,2,5,2,4,4,5,3,5,4,4,1,5,3,3,3,4,1,3,5,4,5,1,3,5,5,1,5,3,5,2,4,5,3,4,4,1,5,3,5,1,5,1,5,3,2,5,1,1,1,3,3,2,2,3,5,3,4,3,4,1,5,2,3,4,3,1,1,2,4,3,5,3,4,4,3,3,3,5,5,4,2.363636364,4.555555556
76,0,17.04657534,2,3,2,4,3,3,4,4,2,4,4,3,1,4,4,4,3,4,2,3,4,4,5,3,4,3,3,3,4,3,4,5,5,4,3,4,4,1,4,2,3,1,3,1,1,3,3,4,4,4,3,4,4,3,2,4,3,3,4,3,4,2,4,3,2,4,2,1,1,2,3,3,3,2,3,4,3,4,4,5,5,4,3.181818182,4
77,0,17.04657534,1,4,2,4,1,5,3,3,4,5,5,5,2,4,1,3,4,5,1,2,1,3,2,3,3,4,5,4,5,2,1,4,4,4,5,2,5,2,5,4,5,4,5,1,3,4,2,5,3,1,2,2,1,4,3,2,4,2,4,2,5,1,5,1,3,2,5,2,1,2,2,2,4,4,2,3,4,3,1,4,5,4,2.363636364,4.222222222
78,0,17.19452055,2,5,2,4,3,4,2,4,3,1,5,4,3,5,5,3,3,1,4,4,4,1,4,3,2,4,5,2,3,3,4,2,5,3,2,4,5,3,3,3,3,2,4,3,4,2,5,4,3,4,2,2,3,3,2,4,4,4,4,3,4,3,4,3,3,4,3,2,2,2,4,4,4,4,3,4,3,3,3,4,4,4,3.636363636,4
79,0,17.23561644,2,3,3,2,1,4,4,5,5,2,5,5,1,4,2,3,5,5,4,2,4,3,5,2,3,3,3,1,2,1,5,4,4,3,2,3,5,2,4,1,4,1,5,3,4,5,4,5,2,2,2,3,3,2,1,5,5,3,4,2,5,1,4,1,1,4,3,2,2,3,3,1,4,3,4,5,4,5,3,4,4,3,2.818181818,4.444444444
80,0,17.35616438,2,3,1,4,1,3,5,5,3,4,4,5,1,5,5,3,2,5,2,4,5,5,3,4,3,2,1,1,3,3,5,5,5,3,2,1,4,1,3,1,4,4,3,2,2,2,3,4,2,3,2,2,4,2,3,4,4,4,2,2,4,4,3,2,2,3,2,2,2,2,4,4,4,4,4,3,4,4,4,4,4,4,3.363636364,3.666666667
81,0,17.44383562,1,4,3,4,2,4,4,4,4,4,5,4,2,4,4,5,4,4,4,3,4,2,4,4,4,4,4,1,4,3,3,2,4,4,3,2,5,2,4,4,4,4,4,4,1,2,4,4,1,3,2,2,2,4,2,4,4,1,4,3,4,2,4,3,2,4,3,2,2,3,3,4,4,4,2,4,3,4,3,4,4,3,3,4
82,0,17.55890411,1,4,3,2,2,2,4,4,2,4,5,2,1,5,5,4,3,3,5,4,4,2,2,5,4,2,2,0,2,3,4,4,4,2,4,4,4,3,2,1,5,2,3,4,1,1,2,5,4,3,1,2,0,2,1,5,5,1,5,5,5,1,4,2,3,0,3,5,1,2,3,5,5,4,4,5,1,3,3,1,5,4,2.818181818,4.444444444
83,0,17.55890411,1,3,3,3,3,4,3,4,4,5,5,3,3,4,2,4,4,2,3,2,4,3,3,3,4,4,3,4,3,4,5,3,3,4,3,3,3,3,3,2,4,3,2,3,3,3,2,4,1,2,2,4,4,4,3,5,4,3,4,4,4,2,3,4,4,5,3,3,3,4,3,3,4,2,2,3,2,2,3,3,3,2,2.363636364,3.777777778
84,0,17.65479452,2,3,3,5,2,5,4,4,1,3,4,3,1,5,3,4,4,5,1,5,5,3,4,4,3,3,5,3,5,3,5,3,4,5,3,4,4,2,5,3,3,1,4,3,5,3,4,5,2,3,2,1,3,2,1,3,5,3,4,2,4,3,5,4,2,4,3,2,2,2,5,3,4,5,4,5,4,4,3,4,4,4,3.636363636,4.222222222
85,0,17.66027397,2,3,4,2,3,2,2,2,4,2,2,4,4,4,4,3,4,3,4,3,4,2,4,4,3,3,5,5,2,4,5,4,4,3,2,4,5,4,4,5,5,3,2,2,2,2,4,4,2,4,2,3,4,2,3,4,4,4,4,2,4,4,4,4,2,4,2,2,2,2,3,4,4,3,4,3,4,4,4,4,4,4,3.636363636,4
86,0,17.6630137,1,1,2,3,4,4,5,4,1,5,4,3,1,4,2,3,3,4,4,2,5,5,2,2,4,4,2,5,3,4,4,5,4,4,5,5,2,1,3,1,2,1,1,1,1,2,4,5,1,1,1,3,1,2,3,4,4,2,4,3,5,2,5,3,4,3,3,2,2,2,2,4,5,3,4,3,3,2,3,4,4,4,2.545454545,4.444444444
87,0,17.69589041,2,5,5,4,4,4,2,5,4,2,5,3,4,5,5,4,5,1,2,5,4,1,2,4,2,4,5,4,3,4,5,4,3,4,2,3,4,5,3,5,5,2,5,5,4,1,5,4,5,4,3,2,5,2,1,4,4,5,4,2,5,2,4,4,2,5,2,1,1,1,5,5,3,4,4,5,4,4,4,5,5,5,4.272727273,4.222222222
88,0,17.69589041,2,2,3,4,4,5,5,5,2,1,4,2,1,5,4,4,2,4,2,5,4,4,1,4,1,5,4,2,4,4,5,4,5,4,1,2,3,2,5,2,3,1,4,2,5,2,5,4,2,4,1,2,5,1,1,4,4,4,4,1,4,4,4,5,1,5,1,1,1,1,5,4,5,4,5,5,5,5,5,5,5,5,4.272727273,4.333333333
89,0,17.69863014,1,5,5,3,2,5,2,3,3,3,4,3,2,5,1,4,4,2,4,2,4,4,5,4,5,4,4,4,3,3,3,3,4,5,4,3,5,5,4,3,3,5,3,5,4,3,4,3,1,5,3,4,3,1,2,1,1,4,1,2,4,1,4,1,5,4,4,5,3,4,2,3,3,2,5,4,4,1,2,1,3,2,2.727272727,2.333333333
90,0,17.7260274,2,4,5,4,2,5,3,4,4,3,4,5,3,5,4,3,3,4,4,4,4,3,2,3,2,5,5,4,5,3,2,5,4,3,2,5,4,3,5,5,4,1,4,2,5,1,5,4,4,5,4,1,3,2,1,5,3,3,5,3,3,4,4,2,2,5,3,1,1,1,4,5,2,5,4,5,3,4,3,5,5,5,4.090909091,4
91,0,17.87671233,2,4,1,5,1,4,4,5,2,5,5,5,1,5,5,5,5,5,1,1,5,2,5,4,4,4,5,3,4,2,4,2,5,5,5,3,5,2,5,2,4,1,5,1,5,2,5,5,3,4,1,2,5,1,1,5,5,4,5,2,5,3,5,4,3,5,1,1,1,1,4,4,5,4,5,5,4,3,5,5,5,5,3.909090909,5
92,0,17.87671233,1,4,3,4,1,4,4,5,3,5,5,4,1,4,2,5,4,4,3,5,4,3,4,2,3,5,3,3,5,1,4,3,4,5,5,4,5,2,5,1,3,3,4,2,3,3,3,3,2,2,3,2,2,3,3,3,2,2,2,2,2,2,3,1,2,3,3,4,3,3,3,3,3,4,3,3,4,4,3,2,3,3,2.727272727,2.555555556
93,0,18.01917808,2,2,2,4,4,5,4,3,2,1,5,2,1,5,4,4,3,3,2,4,5,4,2,4,2,5,4,2,4,4,5,5,5,4,2,3,5,1,4,3,5,4,2,4,5,2,4,4,2,2,2,3,4,4,2,4,4,4,3,2,4,2,4,3,2,4,3,2,1,1,4,4,4,3,2,4,4,4,3,4,5,5,3.272727273,4
94,0,18.09315068,2,4,4,4,1,4,2,5,5,2,3,5,1,5,3,4,4,3,5,2,4,1,2,5,5,2,4,3,3,1,3,4,5,3,3,4,4,3,4,4,4,3,4,5,1,2,4,4,4,4,2,2,4,2,2,2,4,3,4,2,5,4,4,3,2,4,2,2,2,2,4,4,4,4,4,4,4,4,4,4,4,4,3.818181818,3.888888889
95,0,18.31506849,1,3,3,5,1,4,5,4,1,4,5,3,1,5,2,4,2,4,2,3,4,3,4,2,4,3,3,1,4,1,5,3,4,4,4,4,4,1,4,2,5,1,4,1,5,2,4,5,4,3,1,2,3,2,1,4,4,2,5,2,5,3,5,2,3,4,3,1,1,2,3,4,5,4,4,5,4,3,3,5,5,4,3.454545455,4.777777778
96,0,18.46027397,1,3,2,5,1,3,4,4,2,4,5,4,3,5,2,4,3,5,1,2,5,4,3,3,2,3,4,1,5,1,4,2,4,4,4,2,4,3,3,1,3,2,4,5,3,3,2,5,2,2,1,1,4,3,3,2,3,4,3,4,3,3,3,2,3,3,2,4,2,4,0,3,5,5,3,3,2,3,4,2,4,2,2.818181818,3.333333333
97,0,18.60547945,2,3,2,4,3,4,5,4,2,4,4,3,2,4,4,4,3,4,4,4,4,4,3,4,4,4,3,4,3,4,4,4,4,4,4,3,3,3,3,3,4,3,3,4,2,3,3,4,2,2,2,3,4,2,2,4,4,2,4,2,4,3,4,2,3,4,2,2,2,2,3,3,4,3,4,4,4,3,4,4,4,4,2.818181818,4
98,0,18.93150685,2,3,1,5,1,4,4,5,2,4,4,4,1,5,3,3,3,4,4,5,3,4,4,5,3,3,5,2,5,3,4,4,4,4,4,5,5,2,5,5,4,2,4,4,3,2,1,4,5,3,3,3,4,3,3,5,4,5,3,3,4,4,5,4,3,4,2,2,2,3,4,4,3,3,3,3,3,3,4,4,4,3,3.454545455,4
99,1,20.07671233,2,3,4,5,4,3,5,5,2,3,5,3,2,5,5,3,3,5,2,4,4,3,4,4,2,2,4,4,4,4,4,4,5,4,3,5,3,2,3,3,5,2,3,3,4,2,4,5,4,4,3,2,5,2,1,4,3,4,3,2,4,4,4,3,2,4,2,2,2,2,4,4,3,4,4,5,4,4,4,4,4,4,4,3.777777778